Frame,integer_adm2,integer_adm_scale0,integer_adm_scale1,integer_adm_scale2,integer_adm_scale3,integer_motion2,integer_motion,integer_vif_scale0,integer_vif_scale1,integer_vif_scale2,integer_vif_scale3,psnr_y,psnr_cb,psnr_cr,float_ssim,float_ms_ssim,vmaf,psnr_avg,mse_avg,mse_y,mse_u,mse_v,ssim_y,ssim_u,ssim_v
0,0.9939819999999999,0.99518,0.9940450000000001,0.99271,0.993727,0.0,0.0,0.956793,0.994107,0.9958440000000001,0.9965219999999999,53.646214,50.657078000000006,51.191322,0.9997940000000001,0.998849,95.603016,51.831538,0.36,0.28,0.56,0.49,0.996276,0.99278,0.993626
1,0.991253,0.991352,0.988409,0.9897950000000001,0.9939879999999999,0.9372510000000001,0.9372510000000001,0.941818,0.9924229999999999,0.994826,0.995641,52.596975,50.749238,51.723347,0.9998370000000001,0.9984709999999999,96.16256800000001,51.68985333333333,0.4,0.36,0.55,0.44,0.995216,0.992158,0.993655
2,0.992843,0.992038,0.990617,0.992611,0.995142,1.153553,1.438209,0.947728,0.993949,0.996,0.9966860000000001,53.205001,51.329097,52.284926,0.9999040000000001,0.998742,96.950687,52.273008000000004,0.35,0.31,0.48,0.38,0.995627,0.99295,0.994246
3,0.8614790000000001,0.97862,0.9091610000000001,0.7849,0.778605,1.087755,1.153553,0.857505,0.914801,0.9224760000000001,0.923791,41.147293,41.225454,43.987798,0.993662,0.988977,59.822151,42.12018166666667,4.58,4.99,4.9,2.6,0.986974,0.960023,0.977095
4,0.908058,0.9824450000000001,0.932207,0.85206,0.859564,0.911326,1.087755,0.879898,0.938192,0.945859,0.94747,43.260369,41.5094,44.378214,0.995613,0.9919530000000001,72.116414,43.04932766666667,3.21,3.07,4.59,2.37,0.989442,0.961559,0.978287
5,0.916518,0.982406,0.9348350000000001,0.866417,0.8779629999999999,0.889921,0.911326,0.873863,0.933744,0.942232,0.944966,43.119969,41.50575,44.281512,0.995675,0.9913540000000001,73.529395,42.969077,3.28,3.17,4.6,2.43,0.988636,0.960896,0.977748
6,0.946407,0.9821799999999999,0.946787,0.9191299999999999,0.932725,0.696604,0.889921,0.89186,0.9551540000000001,0.9640989999999999,0.967693,45.910949,41.874241999999995,44.708731,0.9975139999999999,0.994042,82.399389,44.16464066666666,2.18,1.67,4.22,2.2,0.990812,0.96255,0.978803
7,0.8819520000000001,0.979273,0.905998,0.8031689999999999,0.8329190000000001,0.696604,0.696604,0.8749100000000001,0.9351870000000001,0.9439110000000001,0.9469209999999999,42.901554,42.680933,45.730552,0.9960479999999999,0.9922559999999999,66.215648,43.771013,3.1,3.33,3.51,1.74,0.98932,0.969642,0.983173
8,0.9358040000000001,0.9809379999999999,0.934948,0.903899,0.917566,0.650402,0.9283370000000001,0.889539,0.953169,0.96206,0.9654020000000001,45.261982,41.722840000000005,44.533282,0.9971899999999999,0.9935649999999999,79.791666,43.839368,2.4,1.94,4.37,2.29,0.990328,0.961556,0.978183
9,0.922467,0.981934,0.925632,0.87082,0.9016620000000001,0.636255,0.650402,0.886275,0.948334,0.9569700000000001,0.959829,44.513373,41.636063,44.508428,0.996727,0.9932209999999999,76.261388,43.55262133333334,2.66,2.3,4.46,2.3,0.990217,0.962082,0.978502
10,0.906854,0.9801780000000001,0.919751,0.843973,0.875815,0.636255,0.636255,0.882648,0.945976,0.9550559999999999,0.9583809999999999,44.249959000000004,41.538229,44.377953000000005,0.9966219999999999,0.992762,72.746344,43.38871366666667,2.79,2.44,4.56,2.37,0.989575,0.960746,0.977693
11,0.9498200000000001,0.9830270000000001,0.9507120000000001,0.9195120000000001,0.940147,0.637305,0.69834,0.898523,0.962298,0.970802,0.9742770000000001,46.418464,41.890723,44.640454999999996,0.997603,0.994324,83.88457199999999,44.31654733333334,2.06,1.48,4.21,2.23,0.991138,0.962482,0.978532
12,0.960709,0.9838870000000001,0.957039,0.9403879999999999,0.956255,0.606757,0.637305,0.8979540000000001,0.9622200000000001,0.97085,0.9745209999999999,46.637639,41.814098,44.600008,0.997662,0.9941909999999999,86.211417,44.35058166666667,2.03,1.41,4.28,2.25,0.990907,0.961756,0.978234
13,0.9643440000000001,0.984833,0.9614159999999999,0.9445290000000001,0.961507,0.606757,0.606757,0.9028959999999999,0.9672440000000001,0.975234,0.978541,47.386016999999995,42.59905,45.532467,0.998117,0.9949450000000001,87.523786,45.172511333333325,1.69,1.19,3.57,1.82,0.991513,0.967286,0.981621
14,0.9753649999999999,0.988029,0.972698,0.964316,0.9733370000000001,0.601567,0.6074609999999999,0.907583,0.9706229999999999,0.97801,0.98088,47.713701,41.861998,44.725608,0.997967,0.994749,90.222904,44.767102333333334,1.8,1.1,4.24,2.19,0.991552,0.962446,0.978566
15,0.973046,0.9877299999999999,0.973453,0.959635,0.968864,0.588014,0.601567,0.9049370000000001,0.968643,0.976176,0.979024,47.502691999999996,41.899884,44.574339,0.997927,0.994603,89.46649000000001,44.658971666666666,1.85,1.16,4.2,2.27,0.991359,0.962601,0.978478
16,0.967026,0.986131,0.9676100000000001,0.9532930000000001,0.959039,0.583757,0.588014,0.902767,0.966334,0.9742790000000001,0.977439,47.206081,41.864405,44.695729,0.997875,0.9946360000000001,87.940641,44.58873833333333,1.9,1.24,4.23,2.21,0.991429,0.962342,0.978643
17,0.9666040000000001,0.9860959999999999,0.9677469999999999,0.951313,0.9589479999999999,0.583757,0.583757,0.902617,0.967038,0.9751860000000001,0.978491,46.822839,41.824453999999996,44.578083,0.997814,0.9943629999999999,87.974683,44.40845866666666,1.99,1.35,4.27,2.27,0.991049,0.961864,0.977993
18,0.9761040000000001,0.988009,0.9742629999999999,0.9629840000000001,0.975568,0.603292,0.603292,0.90756,0.971252,0.978967,0.9820690000000001,46.460648,41.783916999999995,44.588722,0.997865,0.9945790000000001,90.52394100000001,44.27776233333333,2.07,1.47,4.31,2.26,0.991313,0.96208,0.978374
19,0.978052,0.988376,0.9761049999999999,0.9677620000000001,0.9771110000000001,0.609463,0.62144,0.9075989999999999,0.9712559999999999,0.978771,0.9818459999999999,46.508140000000004,41.773858000000004,44.611867,0.9978790000000001,0.9946809999999999,90.928552,44.297955,2.06,1.45,4.32,2.25,0.991461,0.962217,0.97856
20,0.979716,0.988605,0.978143,0.9714520000000001,0.978453,0.609463,0.609463,0.908486,0.9722860000000001,0.979583,0.982558,47.163481,42.599971000000004,45.547758,0.9981559999999999,0.9951399999999999,91.386114,45.10373666666667,1.73,1.25,3.57,1.81,0.991794,0.968374,0.982062
21,0.965361,0.985892,0.9673450000000001,0.948785,0.957203,0.59707,0.619458,0.903292,0.967722,0.9755209999999999,0.9784870000000001,46.606448,41.743926,44.591115,0.9977940000000001,0.994589,87.74075500000001,44.31382966666666,2.05,1.42,4.35,2.26,0.991358,0.962458,0.978424
22,0.9591280000000001,0.9851690000000001,0.9608479999999999,0.939162,0.948542,0.59707,0.59707,0.9014049999999999,0.96595,0.9740540000000001,0.977317,46.290898999999996,41.619459,44.512214,0.997715,0.994375,86.231205,44.14085733333334,2.15,1.53,4.48,2.3,0.991088,0.962184,0.978165
23,0.9597040000000001,0.9844709999999999,0.9594370000000001,0.942989,0.949385,0.615334,0.6309170000000001,0.898107,0.9635600000000001,0.971915,0.975217,45.900144,41.497768,44.440065000000004,0.9975870000000001,0.994124,86.11189499999999,43.94599233333333,2.27,1.67,4.61,2.34,0.990804,0.961395,0.977813
24,0.9590360000000001,0.9836309999999999,0.956368,0.941293,0.950996,0.615334,0.615334,0.896834,0.960945,0.969535,0.9730139999999999,45.850526,41.639787,44.571174,0.997627,0.994296,85.681837,44.02049566666667,2.25,1.69,4.46,2.27,0.99102,0.96235,0.978341
25,0.96172,0.984142,0.9594889999999999,0.943996,0.955312,0.60437,0.622907,0.8967229999999999,0.9610350000000001,0.9695450000000001,0.972858,46.147591999999996,41.51014,44.481992,0.997612,0.9941700000000001,86.23464200000001,44.046574666666665,2.2,1.58,4.59,2.32,0.990885,0.962208,0.977989
26,0.95667,0.982558,0.9530959999999999,0.9367540000000001,0.949517,0.60437,0.60437,0.894531,0.9590700000000001,0.967852,0.971407,45.978303000000004,41.786599,44.490722,0.9975139999999999,0.994122,84.951154,44.085208,2.2,1.64,4.31,2.31,0.990848,0.962313,0.978056
27,0.962716,0.984136,0.959307,0.944457,0.9582790000000001,0.602093,0.623412,0.898501,0.963664,0.9720690000000001,0.975649,46.765319,42.467093,45.552426000000004,0.998042,0.994825,86.785516,44.928279333333336,1.83,1.37,3.68,1.81,0.991161,0.966853,0.981635
28,0.944795,0.9812719999999999,0.944332,0.918062,0.9309139999999999,0.5995510000000001,0.602093,0.8939090000000001,0.9590489999999999,0.967987,0.971656,46.087084000000004,41.775559,44.511162,0.997506,0.994077,82.414973,44.12460166666667,2.17,1.6,4.32,2.3,0.990833,0.962233,0.977992
29,0.946875,0.982283,0.947816,0.9209120000000001,0.9324969999999999,0.5995510000000001,0.5995510000000001,0.8962690000000001,0.9611860000000001,0.9699959999999999,0.973527,46.315079,41.814972999999995,44.488385,0.997541,0.994015,83.10284899999999,44.206145666666664,2.11,1.52,4.28,2.31,0.990729,0.962265,0.977792
30,0.944534,0.9827739999999999,0.948525,0.915715,0.927574,0.6001810000000001,0.6001810000000001,0.898341,0.9628459999999999,0.971305,0.9746809999999999,46.516264,41.892654,44.525434000000004,0.997634,0.9943049999999999,82.753857,44.311450666666666,2.05,1.45,4.21,2.29,0.991079,0.962826,0.978029
31,0.934162,0.983884,0.951045,0.90843,0.8966799999999999,0.6002460000000001,0.609232,0.882569,0.944636,0.952574,0.9552450000000001,44.258966,41.547052,44.279410999999996,0.996043,0.991821,78.15780500000001,43.36180966666666,2.79,2.44,4.55,2.43,0.98942,0.961878,0.977756
32,0.9425020000000001,0.987194,0.961858,0.9244559999999999,0.902767,0.59985,0.6002460000000001,0.877434,0.9387719999999999,0.9458,0.94719,41.181622999999995,41.410884,44.030201,0.991078,0.98736,79.017016,42.20756933333333,4.51,4.95,4.7,2.57,0.987459,0.960664,0.976822
33,0.925341,0.984116,0.951008,0.903574,0.871491,0.59985,0.59985,0.830263,0.8826360000000001,0.882704,0.8725879999999999,29.517538000000002,30.261613,34.100046,0.9207360000000001,0.958211,67.19288900000001,31.293065666666667,62.86,72.67,61.22,25.3,0.980644,0.951832,0.973231
34,0.8129149999999999,0.9772709999999999,0.902234,0.741291,0.658254,0.598879,0.60646,0.784088,0.827518,0.8209360000000001,0.799826,26.015198,26.663939000000003,30.464654,0.869712,0.932702,37.354392,27.714597,141.61,162.76,140.18,58.43,0.971603,0.945294,0.969462
35,0.795867,0.9761190000000001,0.8959889999999999,0.717715,0.623961,0.595312,0.598879,0.754127,0.791798,0.7812479999999999,0.753474,23.98847,24.839858,28.75127,0.813861,0.9086559999999999,30.215001,25.859866,223.04,259.56,213.35,86.69,0.963668,0.940663,0.967524
36,0.797952,0.975972,0.896645,0.721852,0.6275109999999999,0.595312,0.595312,0.746494,0.7826569999999999,0.770934,0.742025,23.245214,24.268646,28.352615999999998,0.7980010000000001,0.9019739999999999,29.710102000000003,25.288825333333335,261.73,308.01,243.34,95.02,0.9609,0.938292,0.966559
37,0.820509,0.9793370000000001,0.9107620000000001,0.760724,0.659296,0.7094779999999999,0.7094779999999999,0.7496619999999999,0.7849149999999999,0.7727109999999999,0.743151,22.927239,24.303709,28.615169,0.797221,0.9022610000000001,34.234856,25.282038999999997,276.07,331.4,241.38,89.45,0.96085,0.938754,0.967276
38,0.811149,0.979511,0.906589,0.755221,0.6349279999999999,0.745792,0.745792,0.737215,0.7706689999999999,0.757026,0.7255739999999999,22.099774,24.388762,28.818029,0.770161,0.8908510000000001,31.132801,25.10218833333333,320.99,400.96,236.7,85.36,0.956292,0.938266,0.966975
39,0.809439,0.9777370000000001,0.900832,0.736282,0.6446729999999999,1.4818559999999998,1.4818559999999998,0.7445970000000001,0.778524,0.7656149999999999,0.735417,22.028443,24.326829999999998,28.847815999999998,0.781986,0.8966350000000001,32.395351,25.06769633333333,325.88,407.6,240.1,84.78,0.957973,0.938716,0.967429
40,0.820825,0.980381,0.918509,0.754253,0.654049,2.52465,2.52465,0.745559,0.778243,0.7645810000000001,0.7329359999999999,21.45266,24.169696,28.486093,0.768008,0.892266,35.599361,24.70281633333333,367.11,465.39,248.95,92.14,0.954736,0.937891,0.96649
41,0.859574,0.983928,0.945034,0.8226540000000001,0.705946,4.0169690000000005,4.0169690000000005,0.752074,0.784798,0.77098,0.739689,21.14377,24.337042,28.306684999999998,0.756646,0.889122,45.459142,24.595832333333334,389.06,499.69,239.54,96.03,0.952098,0.93953,0.966535
42,0.8388610000000001,0.982234,0.932475,0.795079,0.6769149999999999,2.842327,4.093111,0.7542949999999999,0.788475,0.7757470000000001,0.74593,21.310207000000002,25.021619,28.83251,0.766578,0.8937309999999999,40.504629,25.054778666666667,368.88,480.91,204.61,85.08,0.952419,0.941392,0.967186
43,0.82526,0.9803569999999999,0.92071,0.770641,0.660674,2.476627,2.842327,0.75776,0.7917029999999999,0.777668,0.744943,20.50755,25.812229000000002,29.411998999999998,0.749479,0.893633,37.393845,25.243926,426.52,578.53,170.55,74.45,0.949087,0.940822,0.967816
44,0.8121010000000001,0.976635,0.9057850000000001,0.74834,0.648837,1.897066,2.476627,0.7551680000000001,0.7893060000000001,0.77481,0.7411260000000001,19.29308,24.597801,28.464934000000003,0.723807,0.889107,33.885054,24.118605000000002,563.16,765.2,225.58,92.59,0.94069,0.938714,0.966986
45,0.743341,0.9772049999999999,0.887749,0.659658,0.502139,1.897066,1.897066,0.722669,0.749255,0.7296630000000001,0.688473,18.712704000000002,21.666916,25.903678,0.674269,0.8653620000000001,17.366488,22.094432666666666,684.73,874.6,442.98,167.0,0.931796,0.927802,0.962888
46,0.6903729999999999,0.9766790000000001,0.873559,0.595187,0.3923,2.1639369999999998,2.1639369999999998,0.716957,0.740677,0.718693,0.674556,18.778338,20.70386,25.038791,0.660892,0.858792,7.582922999999999,21.506996333333333,700.45,861.48,552.96,203.8,0.931624,0.923568,0.961989
47,0.788546,0.9838120000000001,0.92014,0.725716,0.570696,2.975446,2.975446,0.726062,0.750417,0.728697,0.685759,18.451284,20.900007000000002,25.324367000000002,0.657346,0.860023,26.595617999999998,21.558552666666667,739.14,928.86,528.54,190.83,0.92926,0.924034,0.962216
48,0.8210700000000001,0.984992,0.934815,0.774877,0.627707,2.1985740000000003,3.377328,0.731741,0.7580020000000001,0.737042,0.694752,17.470264999999998,21.654618,25.986298,0.639898,0.8568020000000001,32.460301,21.703727,877.53,1164.27,444.24,163.85,0.917832,0.92725,0.963328
49,0.8215879999999999,0.9817040000000001,0.9266700000000001,0.76075,0.641461,1.509007,2.1985740000000003,0.730263,0.757821,0.737755,0.696471,17.912492999999998,21.739823,26.532282000000002,0.651752,0.8593790000000001,31.894756,22.061532666666665,797.72,1051.55,435.61,144.49,0.926473,0.927931,0.9644
50,0.8225680000000001,0.9831059999999999,0.9290870000000001,0.773403,0.635121,1.509007,1.509007,0.731527,0.760083,0.740211,0.698587,17.685998,21.830752,26.251009000000003,0.64682,0.858391,32.243128000000006,21.92258633333334,835.36,1107.85,426.58,154.16,0.922176,0.926409,0.962833
51,0.82037,0.9805510000000001,0.9232899999999999,0.763953,0.632149,2.3904919999999996,2.3904919999999996,0.73173,0.75971,0.739509,0.697789,17.753923,22.417022,26.615886,0.650483,0.859894,32.76947,22.262277,812.85,1090.66,372.72,141.74,0.921778,0.930854,0.964232
52,0.833043,0.9841770000000001,0.938027,0.7852399999999999,0.638152,5.684758,5.684758,0.7495850000000001,0.779381,0.759025,0.715892,18.537295999999998,23.267431,27.403506,0.6661229999999999,0.867166,40.417927,23.069411000000002,677.88,910.65,306.43,118.23,0.930322,0.934364,0.965339
53,0.8649100000000001,0.984908,0.944348,0.8367549999999999,0.698774,10.152675,10.152675,0.7770050000000001,0.809613,0.7936270000000001,0.756436,21.246653,24.379727,28.616146999999998,0.749875,0.8960870000000001,55.303053000000006,24.747508999999997,379.77,487.99,237.2,89.43,0.954241,0.939034,0.966861
54,0.8564729999999999,0.9864719999999999,0.942406,0.8239790000000001,0.671603,9.548691,11.674988,0.789339,0.8199709999999999,0.805441,0.771714,20.932075,24.296388,27.866006,0.751996,0.8981319999999999,54.252131999999996,24.364823,407.78,524.65,241.79,106.29,0.952642,0.940855,0.967238
55,0.8473040000000001,0.982209,0.932675,0.7957350000000001,0.658809,7.644483999999999,9.548691,0.7856270000000001,0.815094,0.802553,0.772401,19.437670999999998,23.630328,27.429024,0.744898,0.8976879999999999,50.167375,23.499007666666667,559.99,740.14,281.87,117.54,0.945009,0.944746,0.970264
56,0.879391,0.9819200000000001,0.9360129999999999,0.820916,0.754817,7.644483999999999,7.644483999999999,0.795229,0.8258629999999999,0.8137449999999999,0.783634,20.012135,22.991128,26.519184999999997,0.742228,0.89851,57.724416000000005,23.174149333333332,510.87,648.44,326.56,144.93,0.949974,0.9377,0.967139
57,0.917796,0.987657,0.96242,0.8985110000000001,0.814905,7.73805,8.367109,0.796988,0.829564,0.814172,0.779339,19.802303,24.81635,28.626602000000002,0.735507,0.8976120000000001,65.454603,24.415085,504.31,680.53,214.51,89.21,0.947623,0.941572,0.968826
58,0.8202879999999999,0.9801030000000001,0.90756,0.746296,0.623486,7.73805,7.73805,0.792079,0.823411,0.808615,0.773912,20.037676,24.444399,27.67816,0.7411840000000001,0.8906120000000001,45.15312,24.053411666666666,487.2,644.63,233.69,110.99,0.943446,0.938393,0.966012
59,0.8267680000000001,0.980424,0.9157120000000001,0.7691060000000001,0.6215310000000001,9.837602,10.643063,0.78589,0.814991,0.7977850000000001,0.759273,20.202357,23.725567,26.982152000000003,0.7286699999999999,0.8859879999999999,47.625477000000004,23.636692,481.44,620.65,275.76,130.28,0.945673,0.937714,0.966828
60,0.858118,0.982984,0.9392219999999999,0.825434,0.673246,7.818542,9.837602,0.774618,0.801766,0.784311,0.747196,21.034423999999998,23.588378,27.795761,0.7333310000000001,0.887647,50.399077,24.139521,407.06,512.43,284.61,108.02,0.951052,0.937504,0.96758
61,0.8894860000000001,0.9835940000000001,0.941765,0.8435010000000001,0.7745340000000001,7.818542,7.818542,0.786046,0.816113,0.802031,0.7688119999999999,22.516,23.525194,28.624503999999998,0.76651,0.9039209999999999,58.64810799999999,24.888565999999997,305.88,364.32,288.78,89.25,0.961974,0.938835,0.969533
62,0.8700899999999999,0.9810399999999999,0.9282860000000001,0.823808,0.738977,11.385813,11.385813,0.784551,0.8153130000000001,0.799606,0.7628060000000001,20.734039000000003,23.288035,27.927984999999996,0.7461810000000001,0.897875,58.347248,23.983352999999997,434.38,549.13,304.98,104.78,0.954311,0.939795,0.969814
63,0.841642,0.9790969999999999,0.917041,0.785996,0.680067,8.769252999999999,11.558000999999999,0.754675,0.784953,0.7680359999999999,0.729593,19.78203,23.746458999999998,28.002990999999998,0.717849,0.8844700000000001,46.719628,23.84382666666666,518.72,683.72,274.43,102.99,0.943969,0.938118,0.967581
64,0.858144,0.979883,0.9233809999999999,0.8127850000000001,0.718254,2.781073,8.769252999999999,0.7658,0.797614,0.781041,0.744205,19.2396,24.304776999999998,27.74367,0.723587,0.893597,44.207202,23.762682333333334,574.89,774.68,241.33,109.32,0.941377,0.940975,0.967812
65,0.851533,0.9799549999999999,0.923733,0.805541,0.69687,2.781073,2.781073,0.749556,0.7797850000000001,0.763115,0.726767,20.098313,23.202333,27.321345,0.743978,0.898033,41.429093,23.54066366666667,495.72,635.7,311.06,120.49,0.94854,0.939979,0.966895
66,0.8296889999999999,0.982233,0.920106,0.7562479999999999,0.640339,9.127259,9.127259,0.765636,0.794413,0.776583,0.736398,19.067662,22.917177,27.057678000000003,0.7162569999999999,0.8842639999999999,45.398978,23.014172333333335,614.01,805.96,332.17,128.03,0.941001,0.934612,0.965392
67,0.8640639999999999,0.98321,0.9326030000000001,0.8092590000000001,0.711696,10.529974000000001,11.533851,0.7750520000000001,0.8036,0.786745,0.749575,20.833046,24.456695,28.237913,0.752627,0.90384,54.935458999999994,24.509218,412.94,536.75,233.03,97.56,0.954451,0.944111,0.969726
68,0.819183,0.98077,0.909056,0.741055,0.619821,8.425711,10.529974000000001,0.7662100000000001,0.793741,0.777251,0.740622,20.515987,24.015775,27.823210999999997,0.733427,0.8896729999999999,42.824519,24.118324333333334,445.82,577.41,257.93,107.34,0.947038,0.944485,0.970242
69,0.795668,0.980784,0.91048,0.71707,0.55947,4.777348,8.425711,0.731494,0.75655,0.7382529999999999,0.698259,18.651654999999998,21.899897,25.829613000000002,0.6707529999999999,0.864767,30.840327000000002,22.127055000000002,689.61,886.98,419.85,169.87,0.931036,0.930576,0.964448
70,0.759758,0.9795959999999999,0.898394,0.678646,0.484396,4.74984,4.777348,0.70955,0.732062,0.712229,0.67096,18.837081,20.855483,24.982507000000002,0.650001,0.852777,22.331829,21.558357,690.01,849.91,533.99,206.46,0.931828,0.922502,0.961596
71,0.811528,0.980583,0.914167,0.7369899999999999,0.590335,4.74984,4.74984,0.731665,0.755549,0.737003,0.6975180000000001,19.590463,20.881604,25.10409,0.672475,0.862442,33.742205,21.858718999999997,598.29,714.55,530.79,200.76,0.940624,0.924028,0.96315
72,0.9089079999999999,0.982617,0.941884,0.866942,0.835506,8.843538,8.843538,0.791231,0.825522,0.8149390000000001,0.786135,21.642929000000002,22.687454000000002,27.186259000000003,0.757374,0.9027139999999999,65.405245,23.838880666666668,376.04,445.44,350.22,124.3,0.960547,0.934321,0.968106
73,0.878718,0.9828469999999999,0.9288069999999999,0.828699,0.7684989999999999,10.577727000000001,10.577727000000001,0.79727,0.829204,0.8156770000000001,0.782563,21.060152,24.197346,27.563471999999997,0.764526,0.90389,60.98376999999999,24.273656666666664,399.83,509.41,247.37,113.95,0.955973,0.940243,0.967626
74,0.860678,0.9827239999999999,0.9290799999999999,0.805056,0.711124,8.376961,13.460629,0.77507,0.80565,0.7888189999999999,0.7504029999999999,19.814252,23.450018,26.891201000000002,0.7182649999999999,0.887993,51.882877,23.385157000000003,523.58,678.66,293.82,133.03,0.943603,0.937351,0.966611
75,0.8636659999999999,0.9836590000000001,0.9340299999999999,0.822095,0.703649,8.376961,8.376961,0.728536,0.755182,0.736128,0.69614,18.012075,22.695125,26.751948,0.673914,0.868718,47.874302,22.486382666666668,766.3,1027.72,349.6,137.37,0.925514,0.934109,0.966179
76,0.8382780000000001,0.983457,0.936359,0.790289,0.634844,9.482762,9.482762,0.749275,0.776596,0.759333,0.721038,17.894085,22.285263,26.573299,0.661948,0.864875,46.151543,22.250882333333333,791.9,1056.02,384.2,143.14,0.923846,0.932786,0.96646
77,0.8490139999999999,0.985742,0.940298,0.802461,0.642738,12.438612,12.438612,0.7877529999999999,0.813679,0.79827,0.762075,19.267648,22.921148000000002,27.226408000000003,0.710302,0.8846459999999999,55.220812,23.138401333333334,588.96,769.69,331.87,123.15,0.93901,0.936327,0.967505
78,0.917905,0.9842559999999999,0.9506959999999999,0.890324,0.823902,9.232447,12.750957000000001,0.838332,0.865933,0.853917,0.8238700000000001,20.10149,25.367998,28.875521000000003,0.746913,0.898314,71.724304,24.78166966666667,469.01,635.23,188.92,84.24,0.946647,0.946233,0.968776
79,0.876397,0.9827969999999999,0.931991,0.8187,0.744596,8.297162,9.232447,0.776742,0.803412,0.789568,0.758128,20.043435000000002,25.412694000000002,28.939244,0.739975,0.8911040000000001,55.496899,24.798457666666668,474.19,643.78,186.99,83.01,0.948415,0.942283,0.967062
80,0.8614860000000001,0.984,0.935794,0.8233969999999999,0.692951,8.297162,8.297162,0.827625,0.856489,0.844208,0.812604,21.852649,24.506194,28.742534000000003,0.776634,0.912559,57.780892,25.033792333333334,335.83,424.44,230.39,86.86,0.96022,0.944692,0.969334
81,0.798754,0.981311,0.915127,0.716638,0.599134,11.551386,11.551386,0.797895,0.827699,0.813639,0.7799520000000001,20.122069,23.962701000000003,27.649212,0.746136,0.9014200000000001,45.856645,23.911327333333332,483.62,632.23,261.1,111.73,0.949253,0.93813,0.966666
82,0.8303719999999999,0.9820760000000001,0.925522,0.773537,0.649967,7.9378020000000005,13.095925999999999,0.763853,0.7965909999999999,0.781979,0.747577,19.460244,24.155976000000003,27.527551000000003,0.733635,0.892059,45.007573,23.714590333333334,551.64,736.3,249.74,114.9,0.941456,0.938437,0.966221
83,0.820702,0.981299,0.91676,0.762674,0.629454,7.9378020000000005,7.9378020000000005,0.7460600000000001,0.7754850000000001,0.758382,0.719866,19.493536,23.319755999999998,26.775467,0.7158260000000001,0.8834270000000001,40.86858,23.196253,560.35,730.68,302.76,136.63,0.938078,0.934706,0.963953
84,0.838042,0.9813879999999999,0.919407,0.786277,0.664497,7.755121000000001,8.208245,0.729312,0.754738,0.732167,0.685497,18.993035,22.59365,26.742889,0.669515,0.867994,41.432475,22.77652466666667,629.21,819.93,357.86,137.65,0.93431,0.931848,0.964402
85,0.8665700000000001,0.9849690000000001,0.946161,0.842576,0.701158,7.755121000000001,7.755121000000001,0.7247239999999999,0.748309,0.724106,0.674986,18.596407,22.039763,26.458472999999998,0.651514,0.863118,46.215859,22.364880999999997,691.14,898.34,406.54,146.97,0.931204,0.928505,0.963879
86,0.8561610000000001,0.983784,0.9321889999999999,0.807461,0.705144,8.044226,8.721899,0.727943,0.7507520000000001,0.726804,0.677325,18.384453,21.042433,25.585195000000002,0.642968,0.8603799999999999,44.698479,21.670693666666665,744.04,943.27,511.49,179.71,0.929687,0.923643,0.963442
87,0.8284530000000001,0.982599,0.922435,0.776835,0.6422140000000001,6.150555000000001,8.044226,0.7256640000000001,0.749703,0.726104,0.6780470000000001,18.801396,20.978192,25.664397,0.642839,0.856641,37.219639,21.814661666666666,687.21,856.92,519.11,176.46,0.933285,0.926864,0.965766
88,0.800767,0.9829209999999999,0.9217559999999999,0.744869,0.562182,6.150555000000001,6.150555000000001,0.7132149999999999,0.734527,0.710669,0.662136,19.067529,20.587703,25.158422,0.643667,0.851872,30.878006,21.604551333333333,665.03,805.99,567.95,198.26,0.934282,0.919936,0.961156
89,0.855417,0.9843790000000001,0.9444530000000001,0.815033,0.673365,6.759019,6.759019,0.742478,0.765469,0.7421949999999999,0.6938989999999999,19.106468,21.543201999999997,26.026766000000002,0.656267,0.862451,44.353871000000005,22.225478666666664,635.55,798.79,455.79,162.33,0.936794,0.924834,0.962876
90,0.877531,0.9830760000000001,0.942584,0.835333,0.744379,10.484524,10.484524,0.780558,0.807825,0.78905,0.747434,19.756375,24.704006,28.302528999999996,0.7101930000000001,0.888317,57.521223,24.25430333333333,511.22,687.77,220.13,96.12,0.943894,0.938422,0.966981
91,0.8587290000000001,0.983776,0.9319440000000001,0.8091109999999999,0.721642,9.214657,11.110629,0.788927,0.821799,0.805541,0.768692,20.019899,26.767485999999998,29.715288,0.758296,0.904927,54.114174,25.500891,465.9,647.28,136.88,69.43,0.947685,0.94491,0.969008
92,0.890985,0.981772,0.9328209999999999,0.856267,0.7962060000000001,7.686383999999999,9.214657,0.762518,0.793601,0.774846,0.7334390000000001,19.18456,23.292023999999998,27.675299,0.697803,0.882345,55.723468999999994,23.383961,592.33,784.56,304.7,111.06,0.939887,0.934135,0.966334
93,0.910861,0.98605,0.9529340000000001,0.8788040000000001,0.8305739999999999,5.564405000000001,7.686383999999999,0.73902,0.768257,0.747942,0.705434,19.247657,22.236556,26.855825,0.6781590000000001,0.8715870000000001,54.837703000000005,22.780012666666664,602.6,773.24,388.53,134.12,0.938699,0.927552,0.963894
94,0.901733,0.9841120000000001,0.949003,0.8654459999999999,0.812479,5.564405000000001,5.564405000000001,0.7513350000000001,0.7820729999999999,0.763113,0.722383,20.578308,22.800928,27.583982000000002,0.7042,0.881618,54.414836,23.654405999999998,455.22,569.18,341.18,113.42,0.950198,0.930569,0.964918
95,0.92175,0.986711,0.9608909999999999,0.9001540000000001,0.8432700000000001,6.22269,6.5602149999999995,0.798624,0.8342299999999999,0.820242,0.787483,24.032415,25.527341,30.346746000000003,0.795898,0.916529,65.21517,26.63550066666667,211.65,256.94,182.12,60.04,0.968685,0.941028,0.968648
96,0.945773,0.988298,0.967822,0.930881,0.8983030000000001,5.142906,6.22269,0.8393510000000001,0.879295,0.871208,0.847776,26.344427000000003,26.045329000000002,31.312683000000003,0.856943,0.9396629999999999,75.010447,27.900813000000003,135.54,150.88,161.64,48.06,0.977617,0.943418,0.970164
97,0.9250459999999999,0.9868,0.960432,0.910233,0.8506889999999999,3.2284,5.142906,0.821427,0.858784,0.8484649999999999,0.8202649999999999,23.731867,22.192653,27.285746000000003,0.8035899999999999,0.9185450000000001,65.457854,24.403422000000003,269.23,275.36,392.48,121.48,0.970227,0.930662,0.966353
98,0.8935040000000001,0.9842280000000001,0.9447530000000001,0.8656370000000001,0.793932,3.2284,3.2284,0.798886,0.835623,0.8239709999999999,0.793619,23.492662,21.657466,26.605003000000004,0.795565,0.913703,56.286363,23.918377000000003,291.64,290.95,443.95,142.1,0.968106,0.927687,0.965142
99,0.874258,0.9838040000000001,0.9390959999999999,0.842684,0.750135,3.665455,3.665455,0.799732,0.837463,0.8280370000000001,0.802188,24.468617000000002,22.182314,27.041214,0.814033,0.921299,53.598760999999996,24.564048333333332,241.92,232.39,393.41,128.52,0.970834,0.930944,0.966576
100,0.813017,0.981031,0.914689,0.75205,0.628355,4.5244089999999995,4.5244089999999995,0.79943,0.8334959999999999,0.822235,0.792063,25.124216,23.749610999999998,28.263361,0.815843,0.9185190000000001,41.508443,25.712396,195.09,199.83,274.23,96.99,0.970362,0.937156,0.966999
101,0.7972779999999999,0.9783430000000001,0.898524,0.7220880000000001,0.611173,5.209166000000001,5.49584,0.7996439999999999,0.831641,0.819684,0.7884220000000001,23.679525,24.684424,28.770153999999998,0.788284,0.910308,38.923676,25.71136766666667,237.04,278.69,221.13,86.31,0.966586,0.942213,0.967634
102,0.881015,0.984773,0.946125,0.8386979999999999,0.766143,5.209166000000001,5.209166000000001,0.813604,0.847634,0.8363219999999999,0.806715,20.595554999999997,26.099739000000003,29.480425,0.764425,0.908091,57.415149,25.391906333333335,416.77,566.92,159.63,73.29,0.953637,0.942441,0.967853
103,0.806066,0.9792040000000001,0.9045559999999999,0.743514,0.619698,3.3432699999999995,5.591849,0.761243,0.787751,0.7705890000000001,0.733346,19.518818,24.166598,27.461261,0.691839,0.8753489999999999,33.81348,23.715559000000002,545.26,726.44,249.13,116.67,0.937281,0.936518,0.965567
104,0.816026,0.9820479999999999,0.924316,0.770816,0.622868,2.899021,3.3432699999999995,0.752617,0.779706,0.763225,0.727471,19.560810999999998,24.873463,28.125962,0.7002619999999999,0.87475,34.721188,24.186745333333334,531.6,719.45,211.71,100.11,0.936167,0.937309,0.965092
105,0.811251,0.9789540000000001,0.908198,0.754179,0.627872,2.899021,2.899021,0.757441,0.7863180000000001,0.770063,0.733734,19.672439,25.299545000000002,28.221356,0.701715,0.8770549999999999,34.316804,24.39778,515.77,701.19,191.92,97.94,0.937617,0.937183,0.964331
106,0.780612,0.9777969999999999,0.896056,0.695608,0.57589,3.05172,3.05172,0.761007,0.788998,0.773108,0.737246,19.905348999999998,25.779895,28.731159,0.719531,0.88364,28.941021999999997,24.80546766666667,486.2,664.58,171.83,87.09,0.940763,0.940159,0.966163
107,0.846194,0.983383,0.935961,0.801806,0.684442,3.430158,3.439912,0.786536,0.8176359999999999,0.802714,0.767934,19.964641,25.717937,28.789499,0.736452,0.892387,44.662168,24.824025666666667,480.41,655.57,174.3,85.93,0.943696,0.941766,0.966634
108,0.880819,0.979042,0.921424,0.8402139999999999,0.787456,3.430158,3.430158,0.791559,0.823996,0.810856,0.778817,20.633670000000002,25.260189,28.572321999999996,0.7553380000000001,0.897769,52.56173199999999,24.822060333333337,421.98,561.97,193.67,90.33,0.949059,0.940609,0.966448
109,0.854783,0.9795459999999999,0.920974,0.805361,0.726598,3.666143,3.666143,0.794475,0.827045,0.813398,0.780938,20.557719,24.705496,28.172533,0.747468,0.89433,47.800540999999996,24.478582666666668,434.44,571.88,220.05,99.04,0.948771,0.940425,0.966571
110,0.83835,0.9782049999999999,0.9063260000000001,0.774736,0.703484,2.568739,3.892825,0.777421,0.807683,0.792177,0.756322,20.449582999999997,24.253066,27.965985999999997,0.727284,0.8856709999999999,41.081289,24.22287833333333,448.88,586.3,244.22,103.87,0.946362,0.936093,0.965245
111,0.837724,0.980827,0.9203520000000001,0.783852,0.683991,1.98937,2.568739,0.773651,0.803074,0.786165,0.748388,20.384532,24.376274,28.006815000000003,0.716769,0.881503,39.624383,24.25587366666667,453.48,595.15,237.38,102.9,0.945102,0.936381,0.965238
112,0.82278,0.9781979999999999,0.911607,0.764648,0.6586810000000001,1.98937,1.98937,0.777886,0.807967,0.792643,0.757193,20.293963,25.010955,28.373482,0.729364,0.885533,37.419230999999996,24.559466666666665,455.07,607.69,205.11,94.57,0.944045,0.945033,0.96937
113,0.8192790000000001,0.9762770000000001,0.893,0.748379,0.6701739999999999,3.676024,3.676024,0.782928,0.811866,0.7972739999999999,0.763259,20.549963,25.855191,28.933267999999998,0.748204,0.8917930000000001,39.216117,25.112807333333336,423.94,572.91,168.87,83.13,0.945081,0.941418,0.966697
114,0.852669,0.983506,0.929894,0.8034180000000001,0.710325,3.61859,3.960432,0.7950010000000001,0.825584,0.8116140000000001,0.779134,20.61889,25.631164000000002,28.865696999999997,0.755444,0.89594,47.151081,25.038583666666668,419.63,563.89,177.81,84.43,0.945726,0.939932,0.966107
115,0.8256700000000001,0.979641,0.914221,0.7783979999999999,0.653999,2.7511919999999996,3.61859,0.7775340000000001,0.806228,0.791308,0.7576189999999999,20.109945,24.277851000000002,28.010777,0.731282,0.886008,38.877239,24.132857666666666,480.27,634.0,242.83,102.8,0.942235,0.936643,0.965395
116,0.791611,0.977261,0.892509,0.721028,0.596338,1.184744,2.7511919999999996,0.759219,0.786619,0.770784,0.735712,19.770529,23.243192,27.247351000000002,0.7153390000000001,0.8779959999999999,28.746571000000003,23.42035733333334,528.81,685.53,308.15,122.56,0.939243,0.932454,0.96415
117,0.788614,0.9788370000000001,0.8979239999999999,0.722467,0.582225,1.184744,1.184744,0.757644,0.784842,0.769108,0.734402,19.732976,22.807548,26.872246,0.717691,0.8800040000000001,28.07542,23.137590000000003,540.04,691.49,340.66,133.62,0.939435,0.932204,0.964419
118,0.800509,0.9809620000000001,0.911545,0.7360770000000001,0.599952,1.8693810000000002,1.8693810000000002,0.76351,0.79102,0.7745,0.7381800000000001,19.571389,22.829195000000002,27.035544,0.706367,0.876503,31.42703,23.145376,556.41,717.7,338.97,128.68,0.937666,0.932839,0.964764
119,0.81082,0.978454,0.9094479999999999,0.751548,0.625707,2.739363,2.739363,0.766558,0.793682,0.777587,0.741678,19.49674,22.956367999999998,27.231953999999998,0.706171,0.8766010000000001,34.684415,23.228354,562.12,730.14,329.19,122.99,0.936875,0.932908,0.964673
120,0.887966,0.9847469999999999,0.949983,0.857024,0.762616,3.871422,3.871422,0.782604,0.810211,0.793545,0.756259,19.376614,23.316685,27.633628,0.703697,0.87792,52.568493000000004,23.442308999999998,569.6,750.62,302.98,112.13,0.936936,0.935058,0.965686
121,0.868196,0.9847790000000001,0.9399780000000001,0.820722,0.729295,3.895453,3.895453,0.774752,0.802639,0.784983,0.74562,19.211505,23.470668,27.758153000000004,0.695463,0.874135,47.707346,23.480108666666666,586.7,779.7,292.42,108.96,0.935067,0.933284,0.964658
122,0.875132,0.982607,0.9366959999999999,0.834974,0.744121,8.746929,8.746929,0.7856390000000001,0.816187,0.7994979999999999,0.760877,21.019778,23.535532999999997,28.452703999999997,0.7315149999999999,0.885668,56.204818,24.336005,406.27,514.17,288.09,92.86,0.950577,0.934969,0.966172
123,0.8963479999999999,0.985492,0.953026,0.8719309999999999,0.779439,7.122882000000001,9.562337,0.794816,0.8273159999999999,0.8136140000000001,0.78094,22.814035,23.740405,28.844410999999997,0.780751,0.9047350000000001,60.389192,25.13295033333333,286.71,340.16,274.81,84.85,0.961031,0.937326,0.968032
124,0.889975,0.9853629999999999,0.952973,0.864893,0.765597,4.755797,7.122882000000001,0.765917,0.793611,0.7772439999999999,0.741809,20.387595,23.243362,28.115278999999997,0.738154,0.887624,52.680758,23.915412,464.57,594.73,308.14,100.36,0.948959,0.935975,0.967605
125,0.857044,0.9816940000000001,0.931923,0.819291,0.707191,3.9395660000000006,4.755797,0.739429,0.764504,0.7457050000000001,0.706062,19.560775,22.507251,27.512185,0.698084,0.8689399999999999,42.242504,23.19340366666667,559.7,719.45,365.05,115.31,0.941968,0.931331,0.96588
126,0.836549,0.982908,0.92979,0.7995359999999999,0.658204,3.9395660000000006,3.9395660000000006,0.7340869999999999,0.758598,0.738745,0.697267,19.621389999999998,21.635591,26.880004,0.705212,0.8715139999999999,37.603546,22.712328333333332,569.58,709.48,446.19,133.38,0.943461,0.928133,0.965646
127,0.859477,0.9812120000000001,0.9210139999999999,0.802477,0.726232,4.708628,4.708628,0.760709,0.788509,0.7714449999999999,0.733908,20.916538,20.950429,25.874026999999998,0.7530640000000001,0.892367,45.877121,22.580331333333334,466.12,526.53,522.44,168.14,0.954298,0.92483,0.964714
128,0.853074,0.982403,0.9323790000000001,0.817066,0.687742,5.061253,5.355789,0.7601140000000001,0.7894399999999999,0.772601,0.734059,21.781156,21.575104,25.738266,0.7473390000000001,0.893739,45.059487,23.031508666666667,391.98,431.48,452.45,173.48,0.958459,0.929017,0.964707
129,0.802557,0.979375,0.9037790000000001,0.720553,0.609559,4.931287,5.061253,0.739242,0.764574,0.745054,0.703333,20.454578,21.842199,25.863896,0.695208,0.8708450000000001,32.702184,22.720224333333334,489.42,585.63,425.46,168.54,0.946575,0.927225,0.963299
130,0.836644,0.9803,0.922365,0.780222,0.676619,2.811427,4.931287,0.7406189999999999,0.767343,0.747807,0.7052930000000001,19.729836,21.860873,25.791129,0.683898,0.8704459999999999,36.953416,22.460612666666666,560.49,691.99,423.64,171.38,0.941886,0.927692,0.963336
131,0.776803,0.9759760000000001,0.880742,0.691546,0.5795319999999999,2.358613,2.811427,0.729563,0.7560439999999999,0.736078,0.693234,18.974476,21.947585999999998,25.805426999999998,0.661288,0.860771,24.270825,22.24249633333333,646.64,823.44,415.26,170.82,0.93628,0.933466,0.966234
132,0.8321440000000001,0.980615,0.9226979999999999,0.781284,0.662065,2.358613,2.358613,0.735689,0.764478,0.74574,0.704159,18.947746,22.493707999999998,26.426568,0.671449,0.862517,35.472527,22.622674,638.06,828.53,366.19,148.06,0.935729,0.93013,0.963665
133,0.8287059999999999,0.980807,0.91346,0.7688010000000001,0.6571130000000001,2.776749,3.3395610000000002,0.733858,0.761667,0.742474,0.7005939999999999,19.310159,22.942635,27.083166,0.6830149999999999,0.871541,35.024605,23.111986666666667,584.38,762.19,330.23,127.28,0.939888,0.931585,0.964976
134,0.762584,0.9778110000000001,0.891184,0.667769,0.540782,0.7517159999999999,2.776749,0.7413069999999999,0.770048,0.75149,0.710707,20.361137,24.155765,28.05048,0.704376,0.8769319999999999,21.083548999999998,24.189127333333335,457.51,598.37,249.75,101.87,0.945422,0.9353,0.965798
135,0.754115,0.9767030000000001,0.885091,0.655708,0.526328,0.7517159999999999,0.7517159999999999,0.741251,0.7708050000000001,0.7537229999999999,0.715095,20.500211,23.676129,27.137353000000004,0.714654,0.8789540000000001,19.842247,23.771231,453.77,579.51,278.91,125.7,0.946547,0.935937,0.964548
136,0.7675069999999999,0.976577,0.8861049999999999,0.670299,0.556905,1.186243,1.186243,0.737053,0.766354,0.748622,0.708593,19.804497,23.520797,27.325734999999998,0.698113,0.875292,22.319208,23.550342999999998,521.7,680.19,289.07,120.37,0.943695,0.934016,0.964885
137,0.828584,0.9846950000000001,0.933976,0.762402,0.655467,1.8747900000000002,1.8747900000000002,0.747136,0.777068,0.758416,0.717432,19.465748,23.4894,28.006909000000004,0.692992,0.8733690000000001,35.23968,23.654019,555.92,735.37,291.17,102.89,0.942301,0.933765,0.965858
138,0.818184,0.982454,0.928666,0.766093,0.627204,2.232544,2.232544,0.734785,0.762704,0.7432310000000001,0.7007399999999999,19.480231,22.170648,27.108673,0.672446,0.862231,32.410464000000005,22.919850666666665,575.45,732.92,394.47,126.54,0.940489,0.927686,0.96452
139,0.791297,0.980058,0.911575,0.72477,0.5760689999999999,2.8238060000000003,2.8238060000000003,0.728183,0.7543380000000001,0.733719,0.690088,19.814575,21.281024,26.11337,0.674729,0.860369,27.259553000000004,22.402989666666667,559.62,678.61,484.15,159.13,0.942606,0.923403,0.962839
140,0.774822,0.9820639999999999,0.9179709999999999,0.711062,0.519722,4.726051,4.726051,0.731579,0.757005,0.735865,0.690792,20.028505,21.019636,25.802070999999998,0.671646,0.8594930000000001,26.402227000000003,22.283404,544.85,646.0,514.18,170.95,0.94405,0.923323,0.962799
141,0.788636,0.983964,0.927315,0.741733,0.541886,4.521432,5.801989,0.722303,0.747961,0.726973,0.682099,20.115765,20.979518,25.815642,0.657868,0.852701,28.131973,22.303641666666664,536.99,633.15,518.95,170.42,0.942878,0.921741,0.962247
142,0.8026300000000001,0.983563,0.931903,0.766015,0.572517,4.47015,4.521432,0.730056,0.759091,0.7402770000000001,0.6984130000000001,20.410804000000002,20.949617,26.001307,0.68697,0.8649319999999999,31.838821999999997,22.453909333333332,508.68,591.56,522.54,163.29,0.947022,0.922384,0.963342
143,0.8112199999999999,0.9823770000000001,0.9289229999999999,0.77161,0.5994189999999999,4.161931,4.47015,0.7484029999999999,0.781173,0.765256,0.727421,20.810797,21.184269,26.220401000000003,0.7244619999999999,0.880994,35.298531,22.738489,468.06,539.51,495.05,155.25,0.952655,0.924283,0.964119
144,0.861392,0.984251,0.9385479999999999,0.827953,0.715912,2.767284,4.161931,0.7781939999999999,0.815491,0.8039430000000001,0.773979,21.117219,21.254439,26.332161,0.767828,0.902265,47.348818,22.901273,441.58,502.76,487.12,151.31,0.959737,0.931065,0.968616
145,0.8896430000000001,0.9830549999999999,0.9384979999999999,0.856635,0.794706,1.7193209999999999,2.767284,0.783918,0.823591,0.813385,0.785248,21.055532999999997,21.202438,26.338732,0.7675850000000001,0.902708,52.791231,22.865567666666664,447.31,509.95,492.99,151.08,0.959855,0.924856,0.965269
146,0.890292,0.981987,0.9377690000000001,0.848247,0.8043520000000001,1.697037,1.7193209999999999,0.783014,0.822686,0.812894,0.784978,21.011947,21.145801000000002,26.327868,0.76441,0.9015700000000001,52.866424,22.828538666666663,451.88,515.09,499.46,151.46,0.959374,0.924213,0.964936
147,0.8960809999999999,0.983675,0.942342,0.861448,0.809596,1.697037,1.697037,0.787987,0.8276,0.817549,0.789354,20.975079,21.177854,26.378802,0.765134,0.901835,54.469574,22.843911666666667,453.9,519.48,495.79,149.69,0.959373,0.924229,0.96494
148,0.8854549999999999,0.9804639999999999,0.930154,0.844923,0.796925,2.621047,2.621047,0.791104,0.829997,0.817998,0.786809,20.953643,21.465819,26.629963,0.7637470000000001,0.9009280000000001,53.264076,23.016475,448.91,522.05,463.98,141.28,0.959137,0.925377,0.96498
149,0.894826,0.981957,0.936558,0.861037,0.809443,2.8182150000000004,2.8182150000000004,0.793679,0.832227,0.8199489999999999,0.788096,20.883627,21.477255,26.4145,0.759459,0.8998860000000001,55.55913100000001,22.925127333333336,455.56,530.54,462.76,148.47,0.95877,0.924708,0.964123
150,0.882763,0.9784639999999999,0.919508,0.831184,0.802783,2.9320049999999998,2.9320049999999998,0.792497,0.830693,0.818357,0.78664,20.868973999999998,21.553029000000002,26.248473999999998,0.7616649999999999,0.900541,53.092003000000005,22.890159,456.39,532.33,454.75,154.25,0.9585,0.925622,0.963804
151,0.8904920000000001,0.980094,0.924542,0.84267,0.815092,5.1238269999999995,5.287346,0.801323,0.841508,0.831908,0.803761,21.328757999999997,22.229414000000002,26.983445,0.768722,0.9044,58.91494,23.513872333333335,405.8,478.86,389.17,130.24,0.960637,0.930829,0.966439
152,0.826451,0.977517,0.896109,0.752703,0.687127,5.1238269999999995,5.1238269999999995,0.777803,0.815145,0.80521,0.7772640000000001,21.874018,22.239528,26.933695,0.769678,0.900123,43.453756,23.682413666666665,368.24,422.36,388.26,131.74,0.959089,0.928353,0.96514
153,0.794521,0.978398,0.90361,0.716175,0.588377,8.967634,8.985032,0.825673,0.859883,0.851301,0.825368,22.253726999999998,23.10155,27.44067,0.797036,0.9128959999999999,46.192283,24.265315666666666,330.6,387.0,318.37,117.22,0.960724,0.933205,0.966223
154,0.8744719999999999,0.980943,0.927525,0.8365379999999999,0.760255,3.6374730000000004,8.967634,0.8111970000000001,0.848601,0.837576,0.806908,21.408403,20.319936,24.851235,0.760093,0.901742,54.217732999999996,22.19319133333333,449.58,470.15,604.07,212.79,0.958969,0.919716,0.962268
155,0.8437049999999999,0.978045,0.902177,0.763767,0.727477,3.6374730000000004,3.6374730000000004,0.785337,0.820575,0.808127,0.775628,21.43855,20.206962,24.662966,0.752622,0.896436,45.068936,22.102825999999997,451.64,466.9,619.99,222.22,0.957708,0.918602,0.961474
156,0.857404,0.9790969999999999,0.901797,0.79185,0.754973,5.090304,5.090304,0.796855,0.8326319999999999,0.8208129999999999,0.789837,22.013294000000002,20.684344,25.109561,0.7712899999999999,0.90495,50.841936,22.602399666666667,398.68,409.03,555.45,200.5,0.961702,0.92136,0.961991
157,0.839405,0.974785,0.8907930000000001,0.7648520000000001,0.72902,6.730817999999999,6.730817999999999,0.791143,0.8285100000000001,0.816299,0.783293,22.15952,22.005642,26.659715000000002,0.777403,0.9064629999999999,48.604178000000005,23.608292333333335,355.33,395.48,409.75,140.32,0.962412,0.928248,0.964596
158,0.902648,0.982182,0.937896,0.864864,0.829766,4.9166870000000005,6.908453,0.7912819999999999,0.832073,0.820442,0.789694,22.066892000000003,22.280821,26.905756,0.783004,0.908226,59.841333999999996,23.75115633333333,355.54,404.01,384.59,132.59,0.963792,0.929225,0.964912
159,0.908106,0.9831110000000001,0.939917,0.869927,0.8407040000000001,4.9166870000000005,4.9166870000000005,0.815659,0.858072,0.8491040000000001,0.8231780000000001,22.501544,22.133434,26.716106,0.8058489999999999,0.918084,64.230624,23.783694666666666,333.08,365.53,397.87,138.51,0.966229,0.928369,0.964469
160,0.88129,0.9775360000000001,0.909378,0.823959,0.8084479999999999,5.428653,5.428653,0.8129069999999999,0.8514889999999999,0.8409969999999999,0.812098,21.998791,21.678094,26.436658,0.780167,0.907373,58.256905,23.371180999999996,371.86,410.39,441.85,147.71,0.962926,0.926313,0.964741
161,0.9008799999999999,0.9820979999999999,0.9408200000000001,0.870135,0.812537,6.017049,6.8354539999999995,0.810954,0.8489190000000001,0.837476,0.806986,21.12321,20.408281,25.110417,0.769406,0.903276,62.542816,22.213969333333335,466.77,502.06,591.91,200.47,0.959596,0.919825,0.963104
162,0.8864569999999999,0.9808790000000001,0.9299270000000001,0.8417819999999999,0.7919649999999999,6.017049,6.017049,0.808972,0.8477030000000001,0.8364290000000001,0.805794,21.543912,20.929012,25.827002,0.771215,0.904862,59.44461,22.766642,419.64,455.71,525.02,169.97,0.96168,0.923846,0.964284
163,0.84264,0.976635,0.902401,0.759323,0.723075,6.3681529999999995,6.645492999999999,0.8024100000000001,0.8401540000000001,0.8305239999999999,0.8024720000000001,22.343011999999998,21.231064,25.949755,0.778301,0.9060889999999999,50.530929,23.174610333333334,361.91,379.12,489.75,165.24,0.963783,0.925427,0.964405
164,0.805563,0.9731209999999999,0.873935,0.699701,0.6693899999999999,4.706715,6.3681529999999995,0.7842779999999999,0.819005,0.807091,0.775459,22.79874,21.832161,26.326075,0.778664,0.90423,38.785947,23.652325333333334,323.9,341.36,426.45,151.52,0.963901,0.933315,0.967228
165,0.766141,0.9733709999999999,0.870771,0.671195,0.564117,3.605686,4.706715,0.767876,0.7999189999999999,0.7861060000000001,0.752351,23.636688,22.554341,26.916188000000002,0.787021,0.9056489999999999,28.039595000000002,24.369072333333335,269.87,281.46,361.12,132.27,0.964927,0.929444,0.963932
166,0.726283,0.97321,0.861009,0.622877,0.47591700000000003,3.605686,3.605686,0.770199,0.8024979999999999,0.790157,0.758949,24.146708,23.701118,28.021537,0.798342,0.9105989999999999,21.164057,25.289787666666665,230.16,250.27,277.31,102.55,0.966458,0.932988,0.965143
167,0.705004,0.972166,0.8537459999999999,0.59162,0.433647,3.762986,3.762986,0.771374,0.803978,0.7918729999999999,0.761047,24.600284,26.109051,30.498668,0.811746,0.915809,17.658748000000003,27.06933433333333,186.51,225.45,159.29,57.97,0.968576,0.939932,0.968133
168,0.6925899999999999,0.971841,0.849519,0.579466,0.402949,4.357989,4.4037690000000005,0.7723399999999999,0.805715,0.793244,0.7620640000000001,25.467315,28.465647999999998,32.438309000000004,0.842016,0.924452,16.19238,28.790424,144.71,184.65,92.58,37.09,0.970347,0.943949,0.968499
169,0.685945,0.972881,0.853974,0.583933,0.378801,3.856622,4.357989,0.7646109999999999,0.797474,0.786274,0.757012,26.628264,28.901020000000003,32.469417,0.857395,0.9283389999999999,14.062922,29.33290033333334,114.32,141.34,83.75,36.82,0.971516,0.945721,0.969032
170,0.677297,0.972409,0.856482,0.5737979999999999,0.355236,2.700625,3.856622,0.764875,0.797651,0.786942,0.759358,27.405516,28.104509999999998,31.993802000000002,0.861864,0.929959,11.438975,29.167942666666665,102.4,118.18,100.61,41.09,0.972529,0.945305,0.969201
171,0.704404,0.9709709999999999,0.852102,0.608403,0.42564300000000005,1.590191,2.700625,0.7548819999999999,0.786624,0.7741640000000001,0.743925,26.63696,26.962758,30.897833000000002,0.844124,0.9228940000000001,13.862428,28.165850333333335,124.66,141.05,130.86,52.88,0.970935,0.948529,0.971549
172,0.701724,0.9711559999999999,0.848108,0.599387,0.42500699999999997,1.590191,1.590191,0.7536579999999999,0.785065,0.772759,0.7429979999999999,26.668959,27.084183000000003,31.006421999999997,0.8455229999999999,0.923427,13.31969,28.253187999999998,123.15,140.02,127.25,51.57,0.970814,0.943312,0.968548
173,0.67218,0.971878,0.8546959999999999,0.571466,0.343254,2.067844,2.067844,0.75595,0.7889079999999999,0.777137,0.748658,27.004127,28.348826000000003,32.057458000000004,0.8611540000000001,0.928636,9.101933,29.13680366666667,109.01,129.62,95.1,40.49,0.971571,0.944738,0.968531
174,0.693592,0.9722299999999999,0.860167,0.6064,0.379769,2.451865,2.451865,0.765154,0.79972,0.790266,0.765433,27.332778,29.564851,32.936822,0.896652,0.941853,14.443681,29.944817,97.61,120.17,71.88,33.07,0.973374,0.949376,0.970247
175,0.690599,0.972514,0.856663,0.636942,0.352288,2.56678,2.56678,0.753161,0.785608,0.773433,0.744125,26.448138,27.960469,31.416125,0.8597299999999999,0.928841,12.512286999999999,28.608244000000003,123.37,147.32,104.0,46.93,0.971113,0.946421,0.969524
176,0.711071,0.9717620000000001,0.855509,0.591821,0.45903599999999994,2.0149060000000003,2.900099,0.743649,0.774924,0.762138,0.731773,25.951241,27.199847,30.820482000000002,0.840505,0.920327,14.638874,27.990523333333332,139.74,165.18,123.91,53.83,0.969213,0.942909,0.967977
177,0.731954,0.973299,0.8493860000000001,0.668586,0.47484,2.0149060000000003,2.0149060000000003,0.742617,0.773256,0.760304,0.729421,26.11062,27.680054,31.269879,0.8401209999999999,0.9198139999999999,18.196026999999997,28.353517666666665,132.73,159.23,110.94,48.54,0.969609,0.944749,0.969091
178,0.6858810000000001,0.9722870000000001,0.851484,0.615375,0.364529,1.8177720000000002,2.075171,0.745238,0.777245,0.7650060000000001,0.7351989999999999,26.664819,28.647883,32.056298,0.8519450000000001,0.924449,10.266986,29.123,114.98,140.15,88.78,40.5,0.970816,0.946702,0.969898
179,0.666903,0.971577,0.8545719999999999,0.583511,0.325712,1.8177720000000002,1.8177720000000002,0.749239,0.781974,0.77077,0.742454,27.639536,30.080842999999998,33.296997,0.8689309999999999,0.930114,7.510811,30.339125333333328,90.36,111.98,63.83,30.44,0.971879,0.946487,0.969209
180,0.674354,0.97109,0.8428829999999999,0.6184069999999999,0.338239,1.8025490000000002,1.8397270000000001,0.7561260000000001,0.7896029999999999,0.779738,0.753888,28.906819,32.139721,34.947691,0.8906200000000001,0.937708,9.550314,31.998077,65.85,83.64,39.73,20.81,0.973821,0.95046,0.970878
181,0.681484,0.9715360000000001,0.8530690000000001,0.573708,0.38238099999999997,1.13153,1.8025490000000002,0.759655,0.794416,0.786321,0.7629130000000001,29.655152,34.765364,36.703509999999994,0.913035,0.9449620000000001,10.698486,33.708008666666665,52.87,70.4,21.7,13.89,0.974491,0.95113,0.970414
182,0.674243,0.972015,0.846476,0.573549,0.36391100000000004,0.8175479999999999,1.13153,0.761867,0.7977890000000001,0.79073,0.768948,29.989788,36.044668,37.469559000000004,0.92396,0.9493149999999999,9.543778,34.50133833333334,48.09,65.18,16.17,11.64,0.97547,0.954611,0.972617
183,0.6763819999999999,0.9716610000000001,0.863799,0.575505,0.35837199999999997,0.8175479999999999,0.8175479999999999,0.76307,0.799245,0.792285,0.770874,30.252005,35.831626,37.366278,0.924538,0.9493590000000001,10.050184,34.483303,45.72,61.36,16.98,11.92,0.97537,0.952897,0.971395
184,0.6827810000000001,0.970965,0.844427,0.581608,0.39049,0.737907,0.835024,0.7635149999999999,0.799646,0.792845,0.771617,30.307461,36.09583,37.38445,0.9249299999999999,0.9499120000000001,11.126938,34.59591366666667,45.03,60.58,15.98,11.88,0.97577,0.959857,0.975366
185,0.666734,0.9712790000000001,0.839412,0.5399520000000001,0.37099099999999996,0.737907,0.737907,0.764842,0.800902,0.794309,0.773342,30.411467,35.998412,37.362473,0.926266,0.95025,8.486575,34.590784000000006,44.14,59.15,16.34,11.94,0.975768,0.954581,0.972592
186,0.666115,0.971424,0.84954,0.561703,0.34610799999999997,0.836304,0.836304,0.764831,0.801108,0.79472,0.773911,30.382733,36.121415,37.662883,0.9277,0.9503659999999999,8.528226,34.72234366666667,44.2,59.54,15.88,11.14,0.975435,0.953122,0.97146
187,0.677316,0.9699399999999999,0.8549559999999999,0.551473,0.390489,0.749988,0.860719,0.766044,0.80198,0.795672,0.77471,30.197438000000002,36.309196,38.033276,0.9286719999999999,0.9509489999999999,10.424627000000001,34.84663666666667,45.66,62.14,15.21,10.23,0.975784,0.955104,0.972904
188,0.662492,0.970764,0.843096,0.599309,0.32408400000000004,0.749988,0.749988,0.764111,0.800652,0.794433,0.773964,29.990149,36.260357,37.823937,0.9283899999999999,0.9503209999999999,7.819335000000001,34.691481,47.8,65.17,15.38,10.73,0.975172,0.952875,0.971312
189,0.672515,0.971139,0.8425,0.573279,0.37245700000000004,0.786925,0.828224,0.766759,0.803138,0.796719,0.7761359999999999,29.965806,36.018699,37.814079,0.9288370000000001,0.95083,9.735391,34.599528,48.2,65.54,16.26,10.76,0.975452,0.953557,0.971914
190,0.6622600000000001,0.970009,0.8382850000000001,0.5447810000000001,0.363845,0.7280439999999999,0.786925,0.767005,0.803571,0.797471,0.777104,30.060987,36.068613,37.562466,0.929298,0.95121,7.987277000000001,34.564022,47.32,64.12,16.08,11.4,0.975684,0.954945,0.972787
191,0.669531,0.9711420000000001,0.840068,0.5801609999999999,0.356867,0.7076560000000001,0.7280439999999999,0.768192,0.804665,0.798701,0.778503,30.146544,36.220040000000004,37.400953,0.930119,0.9516899999999999,9.31345,34.589179,46.47,62.87,15.53,11.83,0.975814,0.960002,0.975288
192,0.661126,0.9712219999999999,0.8476600000000001,0.5426449999999999,0.351589,0.704339,0.7076560000000001,0.767409,0.804272,0.798284,0.778209,30.129182,35.930353000000004,36.842093,0.930271,0.9516319999999999,7.848011,34.30054266666667,47.09,63.12,16.6,13.45,0.975734,0.954823,0.972692
193,0.646552,0.9708370000000001,0.843943,0.531924,0.31793499999999997,0.704339,0.704339,0.766838,0.80352,0.797578,0.777523,30.100624,35.985121,36.479949,0.9297709999999999,0.9512709999999999,5.333187000000001,34.18856466666667,47.53,63.54,16.39,14.62,0.975443,0.953213,0.971641
194,0.653291,0.970693,0.841562,0.524045,0.35075500000000004,0.7072689999999999,0.7072689999999999,0.76654,0.803298,0.797147,0.776565,29.938678999999997,35.932682,36.267747,0.9292860000000001,0.951103,6.405976,34.04636933333333,49.29,65.95,16.59,15.36,0.975275,0.952928,0.971477
195,0.6741590000000001,0.9734870000000001,0.8484799999999999,0.5951609999999999,0.360139,0.8306110000000001,0.8306110000000001,0.770151,0.806573,0.800822,0.78123,30.008045000000003,36.191625,36.373745,0.934018,0.953951,10.441796,34.191138333333335,48.37,64.9,15.63,14.99,0.976242,0.955302,0.973327
196,0.673928,0.97609,0.857663,0.566475,0.346034,0.961512,0.961512,0.782254,0.820307,0.815997,0.798258,30.478185999999997,36.555438,36.513081,0.944519,0.9595969999999999,11.853133999999999,34.515568333333334,43.64,58.25,14.37,14.51,0.977675,0.955347,0.972875
197,0.749683,0.980325,0.905118,0.6926680000000001,0.42969799999999997,0.972785,0.996964,0.802078,0.841065,0.8376819999999999,0.8215450000000001,31.344765000000002,37.110907,36.771463,0.955569,0.9667979999999999,27.547902,35.07571166666666,36.19,47.71,12.65,13.68,0.980408,0.958872,0.975321
198,0.813343,0.985043,0.9412879999999999,0.777219,0.522043,0.91896,0.972785,0.8243219999999999,0.86487,0.8629709999999999,0.8499950000000001,32.359614,37.927737,37.060752,0.9664659999999999,0.974109,42.408229,35.782701,29.06,37.77,10.48,12.79,0.983133,0.965553,0.978845
199,0.889552,0.9860110000000001,0.9540139999999999,0.8770049999999999,0.712527,0.8873190000000001,0.91896,0.843735,0.886569,0.8862620000000001,0.8763280000000001,32.799114,38.162568,37.100066,0.973857,0.9795219999999999,60.492704,36.02058266666666,26.52,34.13,9.93,12.68,0.984951,0.960068,0.975981
200,0.903643,0.987224,0.9594469999999999,0.866966,0.769538,0.842408,0.8873190000000001,0.8625649999999999,0.907177,0.9085049999999999,0.901532,33.428917999999996,38.708976,37.715351,0.9793540000000001,0.984049,66.076229,36.61774833333333,22.98,29.52,8.75,11.0,0.987033,0.963207,0.978087
201,0.914642,0.985559,0.9608770000000001,0.887446,0.8042050000000001,0.842408,0.842408,0.874691,0.9216790000000001,0.9243120000000001,0.9196270000000001,33.457584000000004,38.697878,38.104427,0.981914,0.986079,70.389031,36.75329633333333,22.69,29.33,8.78,10.06,0.987733,0.961193,0.976757
202,0.929559,0.9847370000000001,0.946204,0.88775,0.8805299999999999,0.7908569999999999,0.8529950000000001,0.886407,0.934824,0.9383889999999999,0.9357190000000001,33.643013,39.432654,38.774115,0.98459,0.9886739999999999,75.307986,37.28326066666667,21.41,28.1,7.41,8.62,0.989235,0.964946,0.979223
203,0.9322729999999999,0.9852709999999999,0.945982,0.8742489999999999,0.904142,0.7908569999999999,0.7908569999999999,0.88859,0.937982,0.941953,0.940016,33.562329999999996,39.600522,39.244925,0.9850610000000001,0.988716,76.370483,37.469258999999994,21.57,28.63,7.13,7.74,0.989016,0.963134,0.978195
204,0.9255969999999999,0.9848870000000001,0.941048,0.887501,0.8759290000000001,0.772911,0.799194,0.8947639999999999,0.945161,0.9495950000000001,0.9485530000000001,33.668865999999994,40.187084999999996,40.063652000000005,0.9864139999999999,0.990022,75.918196,37.973200999999996,20.73,27.94,6.23,6.41,0.989747,0.966798,0.98012
205,0.9395110000000001,0.9841639999999999,0.9450270000000001,0.907266,0.910683,0.752246,0.772911,0.8990440000000001,0.9496190000000001,0.954727,0.9546120000000001,33.945515,40.329793,40.65012,0.9869979999999999,0.990401,79.560877,38.308476,19.41,26.21,6.03,5.6,0.990069,0.965858,0.979974
206,0.923378,0.98272,0.937573,0.888863,0.874034,0.751185,0.752246,0.899374,0.9496899999999999,0.9548719999999999,0.954859,35.044271,40.329344,41.080363,0.987917,0.99034,76.138645,38.81799266666667,15.42,20.35,6.03,5.07,0.989852,0.963774,0.978729
207,0.9281940000000001,0.9817889999999999,0.9391010000000001,0.888659,0.892934,0.686086,0.751185,0.9033889999999999,0.954837,0.96042,0.960965,36.404493,40.645228,41.401045,0.9904430000000001,0.991676,77.804233,39.48358866666667,11.64,14.88,5.6,4.71,0.990547,0.96566,0.980029
208,0.9415520000000001,0.9834510000000001,0.946672,0.918372,0.9110969999999999,0.686086,0.686086,0.9032180000000001,0.9560200000000001,0.9619770000000001,0.96315,36.954661,40.640112,41.333871,0.991416,0.991816,80.903199,39.642881333333335,10.47,13.11,5.61,4.78,0.990341,0.963385,0.978403
209,0.929054,0.982524,0.9323540000000001,0.903435,0.8905780000000001,0.702779,0.734699,0.9038290000000001,0.95586,0.961699,0.962715,37.359716999999996,40.733377000000004,41.573504,0.991555,0.9918319999999999,78.203508,39.888866,9.63,11.94,5.49,4.53,0.990425,0.964027,0.978989
210,0.9282219999999999,0.9808959999999999,0.9321520000000001,0.892164,0.8985190000000001,0.702779,0.702779,0.9041620000000001,0.95591,0.961562,0.962467,36.91016,41.002701,41.947519,0.9914700000000001,0.991993,78.00092,39.95346,10.38,13.25,5.16,4.15,0.99063,0.965844,0.980439
211,0.933586,0.979915,0.9345959999999999,0.901467,0.910062,0.714859,0.714859,0.906487,0.95857,0.9643120000000001,0.965147,36.388436999999996,41.668561,42.691188000000004,0.9916450000000001,0.992347,79.498678,40.24939533333333,11.28,14.94,4.43,3.5,0.990904,0.971496,0.982999
212,0.90785,0.976498,0.904194,0.8707959999999999,0.8696790000000001,0.722647,0.722647,0.903769,0.9555799999999999,0.961111,0.961643,35.559354,40.918714,42.471666,0.989871,0.991339,73.60542199999999,39.649911333333336,13.54,18.08,5.26,3.68,0.990443,0.965863,0.980455
213,0.9031899999999999,0.9761770000000001,0.9045629999999999,0.8676299999999999,0.855509,0.753128,0.753128,0.902536,0.954865,0.9603510000000001,0.960478,35.360417,41.064088,42.672259000000004,0.988952,0.990865,72.53277,39.69892133333334,14.05,18.93,5.09,3.51,0.990183,0.964466,0.979337
214,0.9110290000000001,0.9775,0.918306,0.8793979999999999,0.8621059999999999,0.722952,0.7608590000000001,0.906264,0.959299,0.9650139999999999,0.9655870000000001,36.415248,41.177683,42.921832,0.9899899999999999,0.991449,74.763814,40.17158766666666,11.28,14.84,4.96,3.32,0.990512,0.963745,0.978899
215,0.909302,0.97657,0.9181309999999999,0.873549,0.860975,0.7121149999999999,0.722952,0.9065190000000001,0.959467,0.9653450000000001,0.966153,37.876007,41.476559,43.324396,0.991874,0.9923420000000001,74.441233,40.89232066666667,8.34,10.6,4.63,3.02,0.990973,0.965845,0.980412
216,0.9291590000000001,0.9782040000000001,0.930608,0.909449,0.891241,0.6379020000000001,0.7121149999999999,0.909695,0.9629280000000001,0.969357,0.971153,39.238105,41.493978999999996,43.315047,0.993552,0.9929889999999999,79.149906,41.34904366666666,6.44,7.75,4.61,3.03,0.991092,0.964403,0.979299
217,0.937341,0.982157,0.94329,0.915358,0.902705,0.621749,0.6379020000000001,0.912422,0.966491,0.972794,0.974634,38.80097,41.675564,43.578404,0.993483,0.9935370000000001,81.314797,41.351645999999995,6.93,8.57,4.42,2.85,0.99172,0.966525,0.980735
218,0.9286969999999999,0.981143,0.933983,0.90874,0.885808,0.621406,0.621749,0.9131889999999999,0.967327,0.9736459999999999,0.9751770000000001,37.801535,42.136415,43.932916,0.992445,0.993244,79.544737,41.29028866666667,8.29,10.79,3.98,2.63,0.991659,0.971223,0.982849
219,0.923085,0.982773,0.93611,0.893724,0.874551,0.621406,0.621406,0.9102110000000001,0.9639610000000001,0.9701350000000001,0.97121,36.911549,41.280657,42.910786,0.9910959999999999,0.992416,77.871351,40.367664,10.19,13.24,4.84,3.33,0.99116,0.964546,0.979436
220,0.924861,0.9841780000000001,0.941051,0.8953760000000001,0.8747950000000001,0.594255,0.622554,0.912176,0.965606,0.971616,0.972578,36.556971000000004,41.367805,42.879549,0.9909549999999999,0.99274,78.39135999999999,40.26810833333334,10.93,14.37,4.75,3.35,0.991494,0.966298,0.980659
221,0.9161959999999999,0.981764,0.9275110000000001,0.875351,0.8720600000000001,0.594255,0.594255,0.908092,0.96224,0.968499,0.9697049999999999,36.463028,41.082087,42.577664,0.9906959999999999,0.9921139999999999,76.172894,40.04092633333334,11.23,14.68,5.07,3.59,0.990845,0.96358,0.978819
222,0.91976,0.9812700000000001,0.9299290000000001,0.879268,0.880524,0.600453,0.600453,0.9106780000000001,0.963917,0.969958,0.970968,36.437703000000006,41.328641999999995,42.566274,0.990994,0.9927020000000001,77.107606,40.110873,11.24,14.77,4.79,3.6,0.991407,0.966005,0.980691
223,0.923373,0.983542,0.9375889999999999,0.886948,0.8793629999999999,0.600964,0.600964,0.9102809999999999,0.96436,0.970482,0.971613,36.496307,41.166117,42.316811,0.991143,0.9925709999999999,77.953618,39.99307833333334,11.18,14.57,4.97,3.81,0.991202,0.964309,0.979303
224,0.9267920000000001,0.980892,0.93921,0.8880399999999999,0.892301,0.603117,0.6241329999999999,0.9116559999999999,0.965957,0.9719270000000001,0.9730530000000001,36.384346,42.073176000000004,42.648849,0.9913540000000001,0.993094,78.867384,40.36879033333334,11.23,14.95,4.03,3.53,0.991663,0.97173,0.983197
225,0.9111879999999999,0.9785209999999999,0.9234899999999999,0.861099,0.8720700000000001,0.603117,0.603117,0.908335,0.961465,0.967382,0.968304,36.316453,41.316438,42.107296000000005,0.9910389999999999,0.992632,74.95984399999999,39.913395666666666,11.59,15.19,4.8,4.0,0.991266,0.966281,0.980628
226,0.9034280000000001,0.976973,0.911746,0.842065,0.8701139999999999,0.6159180000000001,0.619135,0.905591,0.9591569999999999,0.9652219999999999,0.9660780000000001,35.887268,41.0642,41.756228,0.9904139999999999,0.992032,73.057082,39.569232,12.75,16.76,5.09,4.34,0.990771,0.964284,0.979271
227,0.9337549999999999,0.9828549999999999,0.9469049999999999,0.903227,0.8975540000000001,0.6115109999999999,0.6159180000000001,0.912808,0.9668,0.9726809999999999,0.9736440000000001,36.157444,41.359284,41.816694,0.9911780000000001,0.993049,80.451112,39.777807333333335,12.01,15.75,4.76,4.28,0.991655,0.966274,0.980607
228,0.9270010000000001,0.9838819999999999,0.93995,0.894515,0.8846629999999999,0.6115109999999999,0.6115109999999999,0.909185,0.9636889999999999,0.969995,0.9712459999999999,35.992669,41.09449,41.473105,0.991001,0.992506,78.69036,39.520087999999994,12.52,16.36,5.05,4.63,0.991023,0.963666,0.978965
229,0.9398639999999999,0.9852540000000001,0.9527610000000001,0.9134479999999999,0.904565,0.6253850000000001,0.636833,0.913399,0.967126,0.972888,0.9741040000000001,36.219346,41.199422999999996,41.380554,0.991233,0.9929690000000001,81.826236,39.59977433333333,11.96,15.53,4.93,4.73,0.991467,0.964839,0.979668
230,0.942108,0.9843120000000001,0.952059,0.910858,0.9159139999999999,0.6253850000000001,0.6253850000000001,0.912485,0.966217,0.972001,0.9731209999999999,36.274513,41.348946999999995,41.224799,0.991466,0.993238,82.18914699999999,39.61608633333333,11.83,15.33,4.77,4.9,0.991698,0.966368,0.980747
231,0.947715,0.9860459999999999,0.961253,0.9178700000000001,0.9219940000000001,0.607244,0.633826,0.9138350000000001,0.968184,0.974035,0.975299,36.321903999999996,41.469481,41.147333,0.991734,0.99356,83.637168,39.646239333333334,11.72,15.17,4.64,4.99,0.991798,0.967033,0.980911
232,0.9549469999999999,0.98736,0.9643959999999999,0.930384,0.9339059999999999,0.607244,0.607244,0.914905,0.9686469999999999,0.974203,0.9750530000000001,36.368711,41.429406,41.063878,0.9914950000000001,0.993401,85.185108,39.620664999999995,11.63,15.0,4.68,5.09,0.991888,0.966673,0.980785
233,0.9547770000000001,0.987965,0.9639139999999999,0.92712,0.935874,0.611486,0.62602,0.9143290000000001,0.9681700000000001,0.973793,0.9747319999999999,36.239441,41.18179,40.875647,0.9913420000000001,0.993072,85.10905600000001,39.43229266666667,12.02,15.46,4.95,5.32,0.991537,0.964291,0.979413
234,0.950306,0.985383,0.9576020000000001,0.927947,0.926618,0.611486,0.611486,0.9156280000000001,0.968966,0.974167,0.974709,36.236666,41.431521999999994,40.934875,0.991347,0.993426,84.163658,39.53435433333333,11.96,15.47,4.68,5.24,0.991959,0.966763,0.980955
235,0.9465620000000001,0.983908,0.9481790000000001,0.9329770000000001,0.917898,0.601589,0.627725,0.914227,0.968382,0.973922,0.974825,36.301792999999996,41.084251,40.712585,0.9911969999999999,0.992933,83.340252,39.36620966666666,11.92,15.24,5.07,5.52,0.991421,0.963464,0.978742
236,0.960609,0.986318,0.9636440000000001,0.946191,0.9432219999999999,0.5926060000000001,0.601589,0.9185030000000001,0.9716299999999999,0.976852,0.977677,36.258899,41.401177000000004,40.912325,0.9912780000000001,0.9934959999999999,86.72200600000001,39.52413366666667,11.92,15.39,4.71,5.27,0.992049,0.966645,0.980884
237,0.972144,0.990193,0.976145,0.957558,0.961902,0.585598,0.5926060000000001,0.919819,0.97285,0.9779059999999999,0.978614,36.471112,41.378071999999996,40.952874,0.9913780000000001,0.993569,89.333173,39.600685999999996,11.43,14.65,4.73,5.22,0.992129,0.966495,0.980847
238,0.959031,0.9857879999999999,0.962091,0.929968,0.951923,0.585598,0.585598,0.91381,0.968009,0.9737129999999999,0.974706,36.354259000000006,41.169034,40.850424,0.990956,0.992991,85.98577,39.45790566666667,11.76,15.05,4.97,5.35,0.991548,0.964182,0.979253
239,0.959735,0.9845209999999999,0.9587629999999999,0.9317840000000001,0.956774,0.593885,0.5983310000000001,0.9167190000000001,0.970404,0.975973,0.976937,36.276205,41.412819,41.040985,0.9909110000000001,0.993368,86.432893,39.57666966666667,11.85,15.33,4.7,5.12,0.991994,0.967074,0.98115
240,0.9615,0.9838399999999999,0.95844,0.93855,0.9586620000000001,0.593885,0.593885,0.9156209999999999,0.969568,0.9753129999999999,0.9764219999999999,36.451812,42.111207,41.337790999999996,0.991016,0.993397,86.741171,39.96693666666666,11.28,14.72,4.0,4.78,0.992003,0.971954,0.983227
241,0.965628,0.985925,0.965076,0.947576,0.9591649999999999,0.608919,0.608919,0.914834,0.968879,0.97449,0.975361,36.166839,41.379187,41.065933,0.990569,0.993166,87.531068,39.53731966666667,12.12,15.72,4.73,5.09,0.991869,0.966906,0.981085
242,0.963037,0.98369,0.9520370000000001,0.9388059999999999,0.968932,0.6103270000000001,0.615877,0.9166280000000001,0.9702379999999999,0.975564,0.976361,36.375644,41.067754,41.049291,0.9904290000000001,0.992891,87.104454,39.497563,11.69,14.98,5.09,5.11,0.991674,0.964124,0.979438
243,0.940498,0.9813290000000001,0.9317620000000001,0.901389,0.935362,0.608607,0.6103270000000001,0.914425,0.968044,0.973476,0.974298,36.222459,41.314421,41.228347,0.9900549999999999,0.9929610000000001,81.984314,39.588409,11.96,15.52,4.8,4.9,0.991836,0.966601,0.981021
244,0.916718,0.9772719999999999,0.9070030000000001,0.857924,0.9069010000000001,0.608607,0.608607,0.906214,0.9601280000000001,0.9659549999999999,0.966508,35.766308,40.927164000000005,41.033974,0.9887370000000001,0.991667,75.93807,39.242482,13.22,17.24,5.25,5.12,0.990747,0.963276,0.978599
245,0.9070010000000001,0.9760840000000001,0.8997780000000001,0.8392569999999999,0.8931450000000001,0.611584,0.611891,0.9066299999999999,0.959168,0.964744,0.9650040000000001,35.665791,41.156971,41.280961,0.988238,0.991814,73.70541700000001,39.36790766666667,13.4,17.64,4.98,4.84,0.991097,0.966579,0.98083
246,0.9086059999999999,0.976901,0.90471,0.85119,0.885199,0.611584,0.611584,0.905776,0.9586450000000001,0.964169,0.964332,35.296957,41.115802,41.331608,0.987317,0.991483,73.967702,39.248122333333335,14.44,19.2,5.03,4.79,0.990961,0.966085,0.980751
247,0.8827360000000001,0.976799,0.8883639999999999,0.806261,0.839621,0.614945,0.620215,0.8954979999999999,0.9456899999999999,0.9504610000000001,0.949031,34.647107,40.580975,41.036045,0.9845510000000001,0.988874,66.725657,38.754709,16.67,22.3,5.69,5.12,0.989187,0.962827,0.978538
248,0.804984,0.97414,0.8771690000000001,0.727593,0.631034,0.614945,0.614945,0.874733,0.9180780000000001,0.917767,0.9082389999999999,32.87678,39.089427,40.331427000000005,0.970634,0.979716,46.401958,37.432544666666665,24.69,33.53,8.02,6.02,0.986009,0.962367,0.978532
249,0.784451,0.974432,0.879867,0.7053470000000001,0.571854,0.6253350000000001,0.6253350000000001,0.8376040000000001,0.8735639999999999,0.8660979999999999,0.844225,29.835993,35.732838,38.11144,0.9238270000000001,0.957199,36.061253,34.560090333333335,49.59,67.53,17.37,10.04,0.980371,0.957781,0.976066
250,0.7862210000000001,0.9754219999999999,0.8774379999999999,0.721743,0.567488,0.62884,0.62884,0.8380200000000001,0.873662,0.8660479999999999,0.8440190000000001,29.868081,35.681232,38.144288,0.922834,0.9568180000000001,36.393111,34.56453366666667,49.28,67.03,17.58,9.97,0.98037,0.957664,0.976132
251,0.78217,0.975557,0.8794719999999999,0.686647,0.578867,0.619653,0.635356,0.836701,0.872107,0.864351,0.841943,29.869763,35.636569,38.154308,0.922006,0.956374,35.402029999999996,34.55354666666667,49.29,67.0,17.76,9.95,0.980246,0.957594,0.97603
252,0.780279,0.975025,0.8787940000000001,0.698944,0.5632590000000001,0.614851,0.619653,0.8369549999999999,0.872653,0.865031,0.842831,29.939918,35.71114,38.276789,0.923048,0.956772,35.111561,34.64261566666667,48.47,65.93,17.46,9.67,0.980343,0.957692,0.976038
253,0.791374,0.9757370000000001,0.8812620000000001,0.693394,0.604492,0.610296,0.614851,0.835664,0.871165,0.8632850000000001,0.8407399999999999,29.902763,35.62893,38.249215,0.9212100000000001,0.955953,37.065695,34.593636,48.92,66.5,17.79,9.73,0.980134,0.957708,0.975985
254,0.778984,0.97539,0.8742690000000001,0.68414,0.572025,0.610296,0.610296,0.8353229999999999,0.871166,0.8634360000000001,0.8411870000000001,29.943517,35.655382,38.32178,0.92175,0.9561459999999999,34.69565,34.64022633333334,48.46,65.88,17.68,9.57,0.980165,0.957369,0.976005
255,0.775464,0.975103,0.8820540000000001,0.6814859999999999,0.5544789999999999,0.595029,0.612731,0.836124,0.871626,0.863875,0.841335,29.966275,35.672042,38.374918,0.9218370000000001,0.956153,34.020669,34.671078333333334,48.2,65.53,17.61,9.45,0.980184,0.957628,0.976055
256,0.78335,0.975358,0.8785069999999999,0.689263,0.577942,0.595029,0.595029,0.8355440000000001,0.871091,0.863339,0.841001,29.950073,35.626758,38.393793,0.921156,0.9558459999999999,35.507208,34.65687466666667,48.39,65.78,17.8,9.41,0.980113,0.957473,0.975994
257,0.777655,0.976461,0.878164,0.683656,0.5589689999999999,0.597834,0.597834,0.8351799999999999,0.8706860000000001,0.8627879999999999,0.840417,29.940724,35.605159,38.392888,0.920726,0.9556520000000001,34.351659999999995,34.646257,48.5,65.92,17.89,9.41,0.980048,0.957426,0.975865
258,0.78138,0.976094,0.87846,0.680825,0.573902,0.598224,0.6029680000000001,0.836376,0.871727,0.863978,0.8416889999999999,30.032033000000002,35.668219,38.4811,0.92205,0.9562219999999999,35.195159000000004,34.72711733333333,47.51,64.55,17.63,9.23,0.980214,0.95742,0.975885
259,0.779967,0.9755309999999999,0.8810100000000001,0.6890609999999999,0.561062,0.596805,0.598224,0.8370860000000001,0.872481,0.8648040000000001,0.842592,30.079807000000002,35.7064,38.543391,0.9226629999999999,0.95654,35.006386,34.77653266666667,46.99,63.84,17.48,9.09,0.980301,0.957527,0.976053
260,0.795453,0.9764459999999999,0.883424,0.6972189999999999,0.608049,0.595313,0.596805,0.8380489999999999,0.8738870000000001,0.8665299999999999,0.844592,30.128827,35.757253000000006,38.578874,0.923594,0.9569709999999999,38.209588000000004,34.821651333333335,46.47,63.12,17.27,9.02,0.980404,0.957562,0.976039
261,0.798172,0.975267,0.892716,0.6999810000000001,0.609529,0.595313,0.595313,0.837457,0.873403,0.865984,0.844143,30.170162,35.744935,38.60564,0.923688,0.956967,38.694219,34.84024566666667,46.07,62.53,17.32,8.96,0.980409,0.957565,0.975993
262,0.790307,0.975621,0.8824770000000001,0.7112069999999999,0.578183,0.591443,0.599963,0.8390790000000001,0.874833,0.867667,0.846158,30.239103000000004,35.771469,38.667021000000005,0.924435,0.9573790000000001,37.342551,34.892531000000005,45.37,61.54,17.22,8.84,0.98057,0.957807,0.976079
263,0.795926,0.975716,0.8858889999999999,0.72872,0.582339,0.5826600000000001,0.591443,0.839838,0.8762209999999999,0.86919,0.848,30.343289000000002,35.86809,38.762169,0.9261309999999999,0.9580719999999999,38.605230999999996,34.99118266666667,44.3,60.08,16.84,8.65,0.980718,0.957854,0.976127
264,0.800254,0.9760909999999999,0.8895549999999999,0.741359,0.584795,0.5826600000000001,0.5826600000000001,0.840641,0.876598,0.8696799999999999,0.8485809999999999,30.393546,35.871719,38.784558000000004,0.926393,0.9581959999999999,39.510111,35.016607666666665,43.83,59.39,16.82,8.6,0.980776,0.957904,0.976188
265,0.797319,0.976669,0.8901700000000001,0.731462,0.581863,0.588727,0.593787,0.840699,0.877057,0.870023,0.849123,30.464196,35.916233,38.841446000000005,0.927107,0.958491,38.988923,35.07395833333333,43.15,58.43,16.65,8.49,0.980852,0.958005,0.97621
266,0.793519,0.976852,0.887014,0.714141,0.584024,0.588727,0.588727,0.841583,0.877717,0.870642,0.8497530000000001,30.450634,35.876542,38.818961,0.9265709999999999,0.958333,38.306952,35.048712333333334,43.3,58.62,16.8,8.53,0.980873,0.95797,0.976249
267,0.802339,0.9766379999999999,0.8862469999999999,0.731699,0.602464,0.583246,0.594051,0.840566,0.876534,0.869451,0.848332,30.448796,35.8495,38.790915000000005,0.92589,0.957982,39.895834,35.029737000000004,43.34,58.64,16.91,8.59,0.980763,0.957804,0.976116
268,0.809508,0.976988,0.8883979999999999,0.729136,0.628645,0.583246,0.583246,0.8399620000000001,0.876366,0.8693299999999999,0.848461,30.472393,35.857719,38.790529,0.9259120000000001,0.957986,41.31483,35.040213666666666,43.13,58.32,16.88,8.59,0.980742,0.957673,0.976032
269,0.801904,0.9773719999999999,0.887608,0.7420640000000001,0.592299,0.584078,0.584078,0.840409,0.876561,0.869721,0.848843,30.501346999999996,35.879195,38.814616,0.9260309999999999,0.958053,39.856122,35.065052666666666,42.85,57.94,16.79,8.54,0.98079,0.957943,0.97613
270,0.794354,0.977007,0.886284,0.712555,0.58919,0.579862,0.5892310000000001,0.841686,0.878102,0.8713420000000001,0.850557,30.592518,35.918817,38.872565,0.9272459999999999,0.9585450000000001,38.538583,35.12796666666667,42.0,56.73,16.64,8.43,0.980931,0.957908,0.976085
271,0.798563,0.977433,0.8878280000000001,0.7339319999999999,0.586504,0.579862,0.579862,0.8410350000000001,0.8775350000000001,0.870819,0.8501790000000001,30.621653000000002,35.91388,38.868913,0.92735,0.9585379999999999,39.32168,35.134815333333336,41.75,56.35,16.66,8.44,0.980904,0.95786,0.976059
272,0.795339,0.976936,0.888099,0.724915,0.581757,0.587955,0.599358,0.840097,0.8762770000000001,0.8692340000000001,0.848251,30.581015,35.846524,38.803612,0.926042,0.957901,38.515094,35.07705033333333,42.17,56.88,16.92,8.56,0.980762,0.9577,0.976071
273,0.795452,0.9757969999999999,0.886315,0.727055,0.5830529999999999,0.5818949999999999,0.587955,0.8400350000000001,0.876142,0.8690389999999999,0.847882,30.632396000000004,35.848093,38.85204,0.926427,0.958031,38.498269,35.110843,41.71,56.21,16.91,8.47,0.9808,0.957732,0.976153
274,0.7953939999999999,0.976226,0.8898159999999999,0.72313,0.584086,0.5818949999999999,0.5818949999999999,0.8398629999999999,0.8764350000000001,0.869505,0.848533,30.679458,35.865796,38.856772,0.9268850000000001,0.958181,38.54695,35.134008666666666,41.29,55.61,16.85,8.46,0.980802,0.957699,0.976032
275,0.802896,0.9762799999999999,0.887797,0.713601,0.620917,0.585047,0.5854050000000001,0.8409909999999999,0.876791,0.8696010000000001,0.848599,30.659268,35.838744,38.865119,0.9263049999999999,0.957924,40.030176000000004,35.12104366666667,41.48,55.87,16.95,8.44,0.980782,0.957894,0.976052
276,0.8008930000000001,0.976247,0.8831100000000001,0.7321489999999999,0.604859,0.585047,0.585047,0.842176,0.878157,0.871268,0.8505879999999999,30.796484000000003,35.937494,38.955458,0.9283399999999999,0.958773,39.82739,35.229812,40.23,54.13,16.57,8.27,0.980978,0.958096,0.97624
277,0.7944939999999999,0.9760979999999999,0.889719,0.726232,0.583377,0.577379,0.5851,0.8406020000000001,0.877023,0.869974,0.849089,30.733828999999997,35.867785999999995,38.89642,0.927141,0.9581930000000001,38.417712,35.16601166666666,40.81,54.92,16.84,8.38,0.980804,0.957756,0.975937
278,0.7937529999999999,0.9765950000000001,0.887453,0.702843,0.601143,0.577379,0.577379,0.8402959999999999,0.876832,0.8698440000000001,0.849,30.763167,35.881733000000004,38.926965,0.9275209999999999,0.958307,38.262747999999995,35.190621666666665,40.55,54.55,16.78,8.32,0.980807,0.957788,0.976085
279,0.781991,0.977173,0.883066,0.6980810000000001,0.56592,0.578151,0.578151,0.8409059999999999,0.8769899999999999,0.8701700000000001,0.8494450000000001,30.755964000000002,35.850409,38.941665,0.92719,0.95825,36.012003,35.18267933333333,40.62,54.64,16.91,8.3,0.980841,0.957799,0.97612
280,0.7977310000000001,0.975411,0.888237,0.715164,0.6055189999999999,0.576804,0.585041,0.840443,0.8764069999999999,0.869353,0.848592,30.729184999999998,35.808771,38.889362,0.9265680000000001,0.9579489999999999,38.997797,35.14243933333333,40.89,54.97,17.07,8.4,0.980774,0.957804,0.976033
281,0.7870689999999999,0.975965,0.88259,0.711267,0.575415,0.576804,0.576804,0.840318,0.876303,0.869259,0.848134,30.702376,35.811645,38.884836,0.926114,0.957735,36.879012,35.13295233333333,41.12,55.31,17.06,8.41,0.980727,0.95782,0.97607
282,0.7824300000000001,0.9757110000000001,0.8875200000000001,0.7040029999999999,0.559955,0.578965,0.5831,0.839046,0.874822,0.8675940000000001,0.846339,30.664887,35.760611,38.861667,0.925409,0.957382,35.80468,35.09572166666667,41.48,55.79,17.26,8.45,0.980621,0.957629,0.97603
283,0.7835989999999999,0.976439,0.8858010000000001,0.7138220000000001,0.5581619999999999,0.578965,0.578965,0.839015,0.875339,0.868283,0.847139,30.721073999999998,35.785564,38.886533,0.926249,0.957624,36.108525,35.131057,40.98,55.08,17.16,8.4,0.980655,0.957516,0.975956
284,0.7859520000000001,0.976733,0.888867,0.710076,0.5678,0.588262,0.588262,0.840576,0.8767229999999999,0.8697020000000001,0.8486870000000001,30.789,35.852383,38.958164000000004,0.927383,0.958132,36.726896,35.199849,40.34,54.22,16.9,8.27,0.980809,0.957657,0.976034
285,0.792234,0.97685,0.8826149999999999,0.711785,0.593162,0.582483,0.595738,0.8427790000000001,0.878941,0.8721760000000001,0.851605,30.950459999999996,36.004689,39.092564,0.930099,0.9592639999999999,38.22504,35.34923766666666,38.88,52.24,16.32,8.01,0.981098,0.95818,0.976128
286,0.7871859999999999,0.976985,0.888677,0.712972,0.569343,0.580538,0.582483,0.842317,0.8788459999999999,0.8722190000000001,0.8518049999999999,31.010696999999997,36.022935,39.131029999999996,0.930983,0.959533,37.252464,35.38822066666666,38.38,51.52,16.25,7.94,0.981145,0.957841,0.976157
287,0.781989,0.977203,0.879222,0.7030689999999999,0.565844,0.580538,0.580538,0.8415950000000001,0.878132,0.871398,0.850915,30.985671000000004,36.011812,39.121992,0.9307,0.95929,36.153684999999996,35.37315833333333,38.59,51.82,16.29,7.96,0.981047,0.957938,0.976113
288,0.78278,0.976957,0.88405,0.706164,0.563304,0.5772149999999999,0.581048,0.8421540000000001,0.8786129999999999,0.8719709999999999,0.85155,31.030540000000002,36.013682,39.167693,0.9315030000000001,0.9595959999999999,36.365199,35.40397166666667,38.22,51.29,16.28,7.88,0.981138,0.957827,0.976147
289,0.782641,0.976801,0.881856,0.711159,0.560859,0.5772149999999999,0.5772149999999999,0.841786,0.878475,0.8717879999999999,0.851585,31.045949,36.040112,39.189793,0.9317770000000001,0.9596120000000001,36.334790999999996,35.42528466666667,38.07,51.11,16.18,7.84,0.981122,0.957971,0.976229
290,0.782758,0.9766870000000001,0.885553,0.695959,0.570842,0.599808,0.599808,0.8416129999999999,0.8777729999999999,0.8711190000000001,0.8506819999999999,31.070078000000002,36.01292,39.200278000000004,0.932003,0.9596120000000001,36.301753999999995,35.42775866666667,37.9,50.82,16.29,7.82,0.981139,0.957911,0.97626
291,0.7847270000000001,0.97459,0.880776,0.70253,0.579018,0.597672,0.610053,0.8432200000000001,0.8797280000000001,0.873257,0.853374,31.246446999999996,36.142204,39.329696000000006,0.934527,0.9606379999999999,36.934934000000005,35.57278233333333,36.43,48.8,15.81,7.59,0.981394,0.95805,0.976415
292,0.786989,0.976476,0.880869,0.70563,0.583408,0.597672,0.597672,0.844807,0.881123,0.8747379999999999,0.8548030000000001,31.327624,36.231896,39.425858000000005,0.935788,0.9611870000000001,37.521279,35.66179266666666,35.75,47.9,15.48,7.42,0.981549,0.958293,0.976413
293,0.777806,0.975643,0.8753,0.691391,0.566713,0.603981,0.608696,0.8463379999999999,0.8829110000000001,0.8767739999999999,0.8574309999999999,31.543874,36.361746999999994,39.59059,0.9384540000000001,0.962275,35.988371,35.83207033333333,34.08,45.57,15.03,7.15,0.981821,0.958637,0.976737
294,0.770672,0.976992,0.87041,0.687448,0.547455,0.603981,0.603981,0.847461,0.8849100000000001,0.879077,0.8601989999999999,31.752805,36.521169,39.746457,0.9407639999999999,0.963256,34.871569,36.006810333333334,32.52,43.43,14.49,6.89,0.982053,0.958837,0.976655
295,0.790547,0.977512,0.886834,0.731528,0.569554,0.646088,0.646088,0.848008,0.885446,0.879717,0.8610680000000001,31.941340000000004,36.570528,39.842597,0.9423229999999999,0.9638549999999999,38.871516,36.118155,31.23,41.59,14.32,6.74,0.982239,0.958675,0.976707
296,0.784555,0.976651,0.89041,0.706441,0.5645100000000001,0.744273,0.744273,0.8514290000000001,0.889732,0.8846870000000001,0.8672479999999999,32.608944,36.953093,40.259276,0.9496040000000001,0.966934,38.411709,36.60710433333333,26.98,35.66,13.12,6.13,0.98293,0.959142,0.976935
297,0.803689,0.9804639999999999,0.901863,0.724412,0.604571,1.2426629999999999,1.2426629999999999,0.8695440000000001,0.912058,0.910816,0.8998010000000001,35.35245,38.805988,42.015069,0.973541,0.97856,46.038782,38.72450233333333,14.75,18.96,8.56,4.09,0.985813,0.961633,0.978398
298,0.867165,0.978984,0.902673,0.779566,0.7873020000000001,1.148448,1.401096,0.898151,0.9462309999999999,0.950727,0.950119,40.836338,41.276472999999996,44.233985,0.9930979999999999,0.990777,64.250209,42.11559866666666,4.79,5.36,4.85,2.45,0.989745,0.965582,0.980487
299,0.9938229999999999,0.9941690000000001,0.994308,0.992445,0.994132,1.148448,1.148448,0.9393239999999999,0.989466,0.9928549999999999,0.994166,51.929522999999996,48.479178000000005,49.831462,0.999657,0.9980950000000001,96.788212,50.08005433333333,0.54,0.42,0.92,0.68,0.994901,0.988254,0.991186
